id,environment,k,delta,epsilon,num_experiments,numTimeouts,time,conservativeSuccess,errorXYZ,errorTheta,numVoxels,numClusters,localizationVolume,localizationVolumePercentage,localizationVolumeXYT,localizationVolumePercentageXYT
1,/fdml/scans/labs/lab363.obj,10,0.1,0.0,10,0.0,14.082283499999999,1.0,1.0400398987410846,2.830475297998512,585.2,1.0,0.007647524261038044,1.7440319061279122e-05,0.178250576290298,0.0011140823364257889
2,/fdml/scans/labs/lab363.obj,10,0.1,0.01,10,0.0,86.5652376,1.0,1.5448572679234978,3.026054650359426,10248.6,1.0,0.13393099306504222,0.00030543208122248513,2.1513053202507204,0.013445854187011708
3,/fdml/scans/labs/lab363.obj,10,0.1,0.025,10,0.0,138.2853375,1.0,1.6496114447413475,3.152168017309792,31071.0,1.0,0.40604276540422796,0.0009259879589074528,4.258635451247153,0.026616859436035152
4,/fdml/scans/labs/lab363.obj,10,0.1,0.05,10,0.0,426.99223760000007,1.0,1.7034828504702275,3.1773926647511583,122600.8,1.0,1.6021746282044522,0.003653788566599343,11.829447977938111,0.07393512725830069
5,/fdml/scans/labs/lab363.obj,10,0.05,0.0,10,0.0,19.161270899999998,1.0,0.5734541563384548,2.8118811704709095,565.5,1.0,0.00046188001640646474,1.0533258318900948e-06,0.02155654011762678,0.00013473033905029262
6,/fdml/scans/labs/lab363.obj,10,0.05,0.01,10,0.0,257.3112417,1.0,1.45949030900123,2.9858322337591625,69938.1,1.0,0.05712291914329224,0.0001302698627118105,1.4682174351218134,0.00917649269104001
7,/fdml/scans/labs/lab363.obj,10,0.05,0.025,10,0.0,851.3772916,1.0,1.6158098743296687,3.1255880709803057,275582.9,1.0,0.22508617926308397,0.0005133131518957235,3.165660503265801,0.019785666465759213
8,/fdml/scans/labs/lab363.obj,10,0.05,0.05,10,0.0,3874.0660209000002,1.0,1.6984143755102992,3.178128840898307,1337828.7,1.0,1.0926902597407688,0.002491900138469683,9.817720396654714,0.06136164665222201
9,/fdml/scans/labs/lab363.obj,20,0.1,0.0,10,0.0,8.716370600000001,1.0,0.3121355180626443,3.09958070973885,150.0,1.0,0.0019602334913802317,4.4703483581542715e-06,0.0457757001259108,0.0002861022949218748
10,/fdml/scans/labs/lab363.obj,20,0.1,0.01,10,0.0,34.8368917,1.0,1.3967143380109768,3.1076272483670864,1639.5,1.0,0.0214253520607872,4.886090755462907e-05,0.354670124575559,0.0022167205810547
11,/fdml/scans/labs/lab363.obj,20,0.1,0.025,10,0.0,122.94546679999999,1.0,1.6885694498832873,2.9144544056935198,14045.1,1.0,0.18354450273180617,0.00041857659816721074,1.8518712071604284,0.011574363708496077
12,/fdml/scans/labs/lab363.obj,20,0.1,0.05,10,0.0,368.10296689999996,1.0,2.093667817247829,3.1059417284476365,58953.1,1.0,0.7704122736056662,0.0017569392919564934,5.2437590350901555,0.03277397155761709
13,/fdml/scans/labs/lab363.obj,20,0.05,0.0,10,0.0,10.899370900000001,1.0,0.09611244938484935,2.6562142225597514,146.3,1.0,0.00011949256657872015,2.725049853324879e-07,0.005580820773683949,3.4880638122558515e-05
14,/fdml/scans/labs/lab363.obj,20,0.05,0.01,10,0.0,83.76064999999998,1.0,1.1268024012021947,3.2488111539446223,9091.1,1.0,0.0074252827889499315,1.6933493316166815e-05,0.19942946688188445,0.0012464523315429666
15,/fdml/scans/labs/lab363.obj,20,0.05,0.025,10,0.0,673.1182959,1.0,1.6165436819074006,2.9074943906743984,114919.7,1.0,0.09386226865013277,0.00021405462175697808,1.31333535374581,0.008208465576171945
16,/fdml/scans/labs/lab363.obj,20,0.05,0.05,10,0.0,3206.7781999,1.0,2.0293282420821046,3.103357864071743,663683.6,1.0,0.5420728418192071,0.0012362070381321058,4.380681097066204,0.027379655838012808
17,/fdml/scans/labs/lab363.obj,30,0.1,0.0,10,0.0,4.544633299999999,1.0,0.05408261806079725,3.2326132082388006,13.5,1.0,0.00017642101422422164,4.023313522338862e-07,0.00411981301133197,2.5749206542968723e-05
18,/fdml/scans/labs/lab363.obj,30,0.1,0.01,10,0.0,38.0189126,1.0,0.7498952745927642,3.1674156665909665,1719.4,1.0,0.02246950310053323,5.124211311341541e-05,0.4235472946983491,0.0026472091674804997
19,/fdml/scans/labs/lab363.obj,30,0.1,0.025,10,0.0,213.03754990000002,1.0,1.4814872960780536,3.2427210269891,22321.3,1.0,0.2916997322084025,0.0006652265787142051,2.8445935572243832,0.017778968811035363
20,/fdml/scans/labs/lab363.obj,30,0.1,0.05,10,0.0,599.8397874999999,1.0,1.979601562686001,3.2625422368972345,69541.5,1.0,0.9087838489413356,0.002072498202329709,6.474240371608053,0.040464591979980355
21,/fdml/scans/labs/lab363.obj,30,0.05,0.0,10,0.0,5.0284249999999995,1.0,0.029147749677147738,3.270810023118776,19.7,1.0,1.60902499084128e-05,3.669410943984979e-08,0.0007514844104003678,4.696846008300772e-06
22,/fdml/scans/labs/lab363.obj,30,0.05,0.01,10,0.0,136.69709569999998,1.0,0.5159386069275093,3.000895713742131,14261.0,1.0,0.01164787075859074,2.6563182473224617e-05,0.28464474730794515,0.0017790555953979506
23,/fdml/scans/labs/lab363.obj,30,0.05,0.025,10,0.0,1455.6441582,1.0,1.4662515746632345,3.2149067613017137,209906.2,1.0,0.17144381803141834,0.00039098076521119256,2.341556759257355,0.014634943008422805
24,/fdml/scans/labs/lab363.obj,30,0.05,0.05,10,1.0,2573.5761573333334,1.0,1.6995153757368469,3.2899758225551095,368692.3333333333,1.0,0.3011346082539386,0.0006867429862365832,2.48310285333003,0.015519618988037097
25,/fdml/scans/labs/lab363.obj,40,0.1,0.0,10,2.0,6.108088625000001,1.0,0.0684975237244236,3.628995145731761,19.875,1.0,0.0002597309376078818,5.923211574554433e-07,0.006065280266683166,3.790855407714832e-05
26,/fdml/scans/labs/lab363.obj,40,0.1,0.01,10,0.0,38.921841799999996,1.0,0.8409686084856649,3.18467974149297,1278.3,1.0,0.016705109813542184,3.809630870819036e-05,0.2788960823004671,0.0017431259155273504
27,/fdml/scans/labs/lab363.obj,40,0.1,0.025,10,0.0,312.6297166,1.0,1.2592646557622378,3.2634734798965637,26522.7,1.0,0.34660456547883056,0.0007904380559920325,3.7737487183800775,0.02358627319335931
28,/fdml/scans/labs/lab363.obj,40,0.1,0.05,10,0.0,1270.3789542000002,1.0,1.7043722067321123,3.056486302039277,141020.5,1.0,1.842887380482026,0.0042027384042909585,12.559478843546145,0.07849788665771479
29,/fdml/scans/labs/lab363.obj,40,0.05,0.0,10,1.0,6.934453444444444,1.0,0.021540034592432138,3.8356061241673114,19.333333333333332,1.0,1.5790769791674153e-05,3.601113955179844e-08,0.000733258900165052,4.582934909396694e-06
30,/fdml/scans/labs/lab363.obj,40,0.05,0.01,10,0.0,107.62776240000001,1.0,0.7529043409820527,3.11337688490812,7203.5,1.0,0.00588355914798131,1.3417564332482885e-05,0.15185325588435442,0.0009490966796874975
31,/fdml/scans/labs/lab363.obj,40,0.05,0.025,10,0.0,2194.0103334,1.0,1.2300391473289691,3.2487084411442444,254761.9,1.0,0.2080803369596346,0.000474531017239547,2.98835595811146,0.018677496910095272
32,/fdml/scans/labs/lab363.obj,40,0.05,0.05,10,1.0,8721.838972222222,1.0,1.649061909899039,3.1130653608535606,1090295.888888889,1.0,0.8905143820141836,0.0020308343485891823,7.409318399741199,0.04630891482035312
33,/fdml/scans/labs/lab363.obj,50,0.1,0.0,10,0.0,6.7381583,1.0,0.06838781485345494,2.895650319254827,13.5,1.0,0.00017642101422422153,4.0233135223388614e-07,0.004119813011331967,2.5749206542968706e-05
34,/fdml/scans/labs/lab363.obj,50,0.1,0.01,10,0.0,55.7477708,1.0,0.7684122346580473,2.96505021580784,1751.6,1.0,0.022890299890011512,5.220174789428853e-05,0.35030617449688883,0.002189445495605481
35,/fdml/scans/labs/lab363.obj,50,0.1,0.025,10,0.0,291.4000291,1.0,1.353753149984744,3.092214795289079,18739.6,1.0,0.24489327690034068,0.00055848360061618,2.600364938485902,0.016252517700195278
36,/fdml/scans/labs/lab363.obj,50,0.1,0.05,10,0.0,1080.8101958,1.0,1.7739285872091588,3.0471896923149773,89163.4,1.0,1.1652072192381677,0.002657276391988992,7.999669802603913,0.049998664855956956
37,/fdml/scans/labs/lab363.obj,50,0.05,0.0,10,0.0,7.612258300000001,1.0,0.03287079239537891,2.9128953810212392,16.8,1.0,1.3721634439661678e-05,3.129243850708003e-08,0.0006408598017627505,4.005432128906243e-06
38,/fdml/scans/labs/lab363.obj,50,0.05,0.01,10,0.0,152.21381290000002,1.0,0.6184623198158631,2.9828917177873193,8626.4,1.0,0.007045732579185525,1.6067922115328526e-05,0.1769345249116778,0.0011058568954467837
39,/fdml/scans/labs/lab363.obj,50,0.05,0.025,10,0.0,1861.4007293999998,1.0,1.1870983692844166,3.1373361030659033,170050.1,1.0,0.1388907921808915,0.00031674299389274063,1.9296059752575758,0.012060213088989219
40,/fdml/scans/labs/lab363.obj,50,0.05,0.05,10,0.0,9572.2335875,1.0,1.7128259734672189,3.055749229385225,988578.7,1.0,0.8074354485591207,0.0018413713201279422,6.646837648932818,0.0415433406829834
41,/fdml/scans/labs/lab446.obj,10,0.1,0.0,10,1.0,6.423194555555556,1.0,0.4276266219731801,2.7836060879092575,36.888888888888886,1.0,0.0005432966863518065,1.0993745591905379e-06,0.01186703394768854,6.908840603298625e-05
42,/fdml/scans/labs/lab446.obj,10,0.1,0.01,10,0.0,8.350958,1.0,0.831391135816595,3.3895769241003015,353.0,1.0,0.005198956543794263,1.0520219802856481e-05,0.07718668338245034,0.0004493713378906264
43,/fdml/scans/labs/lab446.obj,10,0.1,0.025,10,0.0,26.205845900000003,1.0,1.2249024588825101,3.4688305837724442,2771.7,1.0,0.04082138201822665,8.26030969619722e-05,0.40598360801159694,0.0023635864257812523
44,/fdml/scans/labs/lab446.obj,10,0.1,0.05,10,0.0,106.7037624,1.0,1.5911542050308771,3.2324425160226964,19182.5,1.0,0.28251836799241153,0.0005716830492018972,1.8735134447830177,0.01090736389160156
45,/fdml/scans/labs/lab446.obj,10,0.05,0.0,10,0.0,6.677904100000001,1.0,0.0452533080494707,3.1973298395580967,22.0,1.0,2.025089305302288e-05,4.097819328308099e-08,0.0009009481294640813,5.24520874023437e-06
46,/fdml/scans/labs/lab446.obj,10,0.05,0.01,10,0.0,15.690370999999999,1.0,0.5404586414653935,3.625198966963796,1411.8,1.0,0.0012995550369208186,2.6296824216842888e-06,0.031160519623146466,0.00018141269683837942
47,/fdml/scans/labs/lab446.obj,10,0.05,0.025,10,0.0,90.470829,1.0,1.1634889273132902,3.532077406002333,17513.9,1.0,0.01612145981097108,3.262218087911842e-05,0.21824239870636264,0.0012705802917480442
48,/fdml/scans/labs/lab446.obj,10,0.05,0.05,10,0.0,630.1752416000002,1.0,1.5525472341348023,3.270675965675707,170640.5,1.0,0.15707375072844174,0.0003178426995883902,1.308680395890589,0.007618975639343236
49,/fdml/scans/labs/lab446.obj,20,0.1,0.0,10,1.0,4.562236,1.0,0.03581281292841902,2.741336263174455,11.333333333333334,1.0,0.0001669164518309765,3.377596537272132e-07,0.0035673905732315154,2.0768907335069428e-05
50,/fdml/scans/labs/lab446.obj,20,0.1,0.01,10,0.0,8.7673042,1.0,0.5294890330503339,3.626896105394981,291.5,1.0,0.0042931893272408475,8.687376976013165e-06,0.06103514055242133,0.00035533905029296893
51,/fdml/scans/labs/lab446.obj,20,0.1,0.025,10,0.0,27.379712599999998,1.0,1.132483447177896,3.206679560703982,1830.0,1.0,0.026952097663296204,5.4538249969482944e-05,0.2855186526647092,0.0016622543334960994
52,/fdml/scans/labs/lab446.obj,20,0.1,0.05,10,0.0,130.4162751,1.0,1.7706517217830307,3.141805465299099,16225.6,1.0,0.2389693747790272,0.00048356056213383884,1.6539114334449159,0.009628868103027328
53,/fdml/scans/labs/lab446.obj,20,0.05,0.0,10,1.0,5.023407555555555,1.0,0.01662616078685244,2.8136114534050742,12.666666666666666,1.0,1.1659605091134389e-05,2.3593505223592088e-08,0.0005005267385911567,2.914004855685763e-06
54,/fdml/scans/labs/lab446.obj,20,0.05,0.01,10,0.0,15.6464666,1.0,0.3074427989336105,3.618676027813277,1090.2,1.0,0.0010035238002911483,2.0306557416915606e-06,0.02408398158808312,0.0001402139663696294
55,/fdml/scans/labs/lab446.obj,20,0.05,0.025,10,0.0,78.8176332,1.0,0.9964027758869098,3.3924582404788652,10607.2,1.0,0.00976387603600127,1.9757449626922917e-05,0.14034724247665264,0.0008170843124389651
56,/fdml/scans/labs/lab446.obj,20,0.05,0.05,10,0.0,690.5384290999999,1.0,1.6376078779409284,3.1321116533957984,124921.8,1.0,0.11498990962718106,0.00023268498480383124,1.025008686891288,0.005967473983764658
57,/fdml/scans/labs/lab446.obj,30,0.1,0.0,10,0.0,5.4059792,1.0,0.0772500908382667,3.584702726780691,9.7,1.0,0.00014286084553768872,2.890825271606441e-07,0.002948557514609721,1.716613769531248e-05
58,/fdml/scans/labs/lab446.obj,30,0.1,0.01,10,0.0,8.9609542,1.0,0.23977251316091008,3.1961631586213963,171.7,1.0,0.0025287842452392973,5.117058753967286e-06,0.037872583187653824,0.00022048950195312526
59,/fdml/scans/labs/lab446.obj,30,0.1,0.025,10,0.0,33.3905334,1.0,1.1091971653893629,3.0268500182659546,1770.1,1.0,0.02606989512229569,5.275309085846053e-05,0.2607507695419874,0.0015180587768554733
60,/fdml/scans/labs/lab446.obj,30,0.1,0.05,10,0.0,175.7107833,1.0,1.793337044735729,2.997844973627724,17373.8,1.0,0.25587997507248594,0.0005177795886994273,1.682283109085499,0.009794044494628921
61,/fdml/scans/labs/lab446.obj,30,0.05,0.0,10,2.0,6.823948,1.0,0.01672760405505779,3.13499227514414,11.375,1.0,1.04706322035516e-05,2.1187588572502097e-08,0.0004504740647320407,2.622604370117185e-06
62,/fdml/scans/labs/lab446.obj,30,0.05,0.01,10,0.0,14.9130498,1.0,0.09186146106391685,3.2284637289391944,609.6,1.0,0.0005611338365964875,1.1354684829711878e-06,0.013514221941961242,7.867813110351565e-05
63,/fdml/scans/labs/lab446.obj,30,0.05,0.025,10,0.0,95.33240450000001,1.0,0.7935538482487408,3.0127960678240813,8787.4,1.0,0.0080887589824606,1.636780798435208e-05,0.11509202832026659,0.0006700515747070333
64,/fdml/scans/labs/lab446.obj,30,0.05,0.05,10,0.0,1009.9832,1.0,1.7318505613807893,2.999332845352985,136108.1,1.0,0.12528684439808363,0.00025352109223674953,1.052393414808231,0.006126904487609901
65,/fdml/scans/labs/lab446.obj,40,0.1,0.0,10,1.0,4.491745333333332,1.0,0.04756305595000209,2.883667987632636,12.11111111111111,1.0,0.00017837150244682788,3.6093923780653184e-07,0.00371299835173076,2.1616617838541644e-05
66,/fdml/scans/labs/lab446.obj,40,0.1,0.01,10,0.0,11.301504099999999,1.0,0.3167843560560145,3.270716735438466,235.8,1.0,0.0034728440595656663,7.027387619018538e-06,0.04992890724739126,0.00029067993164062463
67,/fdml/scans/labs/lab446.obj,40,0.1,0.025,10,0.0,38.873749999999994,1.0,1.1152670799203155,3.155564974533949,1504.8,1.0,0.022162577357228104,4.4846534729003566e-05,0.2307737681434543,0.0013435363769531243
68,/fdml/scans/labs/lab446.obj,40,0.1,0.05,10,0.0,204.70743349999998,1.0,1.5379982542217685,3.034757595618937,13669.4,1.0,0.2013218599992999,0.00040737986564642995,1.4913803908895966,0.008682632446289053
69,/fdml/scans/labs/lab446.obj,40,0.05,0.0,10,1.0,5.071226888888889,1.0,0.017808675965135582,3.2012598393433844,12.555555555555555,1.0,1.1557327853492858e-05,2.3386544651455326e-08,0.0005096272247473588,2.9669867621527723e-06
70,/fdml/scans/labs/lab446.obj,40,0.05,0.01,10,0.0,21.898953999999996,1.0,0.1407868494066357,3.2676910277433677,958.8,1.0,0.0008825707390562822,1.7859041690826271e-06,0.02048018907022669,0.00011923313140869132
71,/fdml/scans/labs/lab446.obj,40,0.05,0.025,10,0.0,119.62581260000002,1.0,0.9600422822621084,3.2101983124627638,8831.7,1.0,0.008129536917106977,1.6450323164460375e-05,0.1172051612057364,0.0006823539733886711
72,/fdml/scans/labs/lab446.obj,40,0.05,0.05,10,0.0,1145.49585,1.0,1.5082475983238561,3.0748454724831857,115422.3,1.0,0.10624566605634451,0.00021499078720860028,0.9705996103091967,0.005650711059570314
73,/fdml/scans/labs/lab446.obj,50,0.1,0.0,10,1.0,5.002009444444445,1.0,0.05380580682621851,2.810151003430872,11.333333333333334,1.0,0.00016691645183097652,3.377596537272132e-07,0.0036765964071059534,2.1404690212673613e-05
74,/fdml/scans/labs/lab446.obj,50,0.1,0.01,10,0.0,17.862483299999997,1.0,0.7841596625477653,3.0882356490221547,320.8,1.0,0.0047247174482979905,9.560585021972636e-06,0.0687996753408936,0.00040054321289062516
75,/fdml/scans/labs/lab446.obj,50,0.1,0.025,10,0.0,67.7525083,1.0,1.3439949128936237,3.015777133417622,2323.4,1.0,0.034218854486831936,6.9242715835572e-05,0.38305038289796467,0.0022300720214843703
76,/fdml/scans/labs/lab446.obj,50,0.1,0.05,10,0.0,299.7853873,1.0,1.5247297946554652,3.0196175009562514,14734.3,1.0,0.21700562437175747,0.00043911635875703534,1.5897639266270789,0.009255409240722674
77,/fdml/scans/labs/lab446.obj,50,0.05,0.0,10,1.0,5.514268555555556,1.0,0.0336147917709548,2.465970257794404,11.11111111111111,1.0,1.0227723764152972e-05,2.069605721367727e-08,0.0004504740647320409,2.6226043701171854e-06
78,/fdml/scans/labs/lab446.obj,50,0.05,0.01,10,0.0,34.2068751,1.0,0.3539688375046779,3.2930323170569444,1156.1,1.0,0.0010641844299363438,2.153404057025889e-06,0.025644259939563995,0.0001492977142333983
79,/fdml/scans/labs/lab446.obj,50,0.05,0.025,10,0.0,231.2720999,1.0,1.279719616176364,3.0524090695670827,13701.5,1.0,0.012612164143907464,2.552103251218528e-05,0.19149242969882038,0.001114845275878906
80,/fdml/scans/labs/lab446.obj,50,0.05,0.05,10,0.0,1696.9976792999998,1.0,1.5080167332173138,3.03969318697674,128736.9,1.0,0.11850169063107281,0.0002397911623125732,1.0501123779531698,0.006113624572753892
81,/fdml/scans/isprs/cs4.obj,10,0.1,0.0,10,0.0,92.3060751,1.0,0.13972147242858948,2.565839119363621,60.4,1.0,3.895322063424059e-05,2.7466739993542355e-11,0.0008583661626635726,2.7706846594809473e-08
82,/fdml/scans/isprs/cs4.obj,10,0.1,0.01,10,0.0,269.37567490000004,1.0,4.903215954402256,3.439029926367268,13328.5,1.0,0.008595827834833501,6.061100066295679e-09,0.1554609317999191,5.018059164285474e-06
83,/fdml/scans/isprs/cs4.obj,10,0.1,0.025,10,0.0,1398.4418043,1.0,7.336633248572727,3.172305370141765,195924.7,1.0,0.12635592825474792,8.90962382957661e-08,1.1964672170274615,3.8620270788669705e-05
84,/fdml/scans/isprs/cs4.obj,10,0.1,0.05,10,1.0,7211.8362224444445,1.0,10.39108543967709,3.2443595640010745,1362656.5555555555,1.0,0.8788056532200391,6.196644587747457e-07,6.749741081353296,0.00021787210264139604
85,/fdml/scans/isprs/cs4.obj,10,0.05,0.0,10,0.0,92.82976239999999,1.0,0.020247385069462293,3.1787893689028763,81.8,1.0,3.2971579551747366e-06,2.3248958314070296e-12,0.00014732881405381276,4.755565896630182e-09
86,/fdml/scans/isprs/cs4.obj,10,0.05,0.01,10,0.0,511.2564334,1.0,4.53517815844863,3.536644540564011,73075.7,1.0,0.002945502757766119,2.0769363118259958e-09,0.0790351464014136,2.5511428248139702e-06
87,/fdml/scans/isprs/cs4.obj,10,0.05,0.025,10,1.0,1686.2067732222222,1.0,7.247680294988576,3.217037279479563,323489.55555555556,1.0,0.013039072879078463,9.194126151707351e-09,0.20636753526288157,6.661252377347757e-06
88,/fdml/scans/isprs/cs4.obj,10,0.05,0.05,10,,,,,,,,,,,
89,/fdml/scans/isprs/cs4.obj,20,0.1,0.0,10,0.0,58.62214580000001,1.0,0.0373383021806559,3.5610818513749622,21.6,1.0,1.3930290822840896e-05,9.822542779147516e-12,0.00031160855652996225,1.0058283805846575e-08
90,/fdml/scans/isprs/cs4.obj,20,0.1,0.01,10,0.0,112.11631670000001,1.0,1.4857345935480872,3.632964982068639,1386.4,1.0,0.0008941182961475439,6.304617272689978e-10,0.014157992471228606,4.569999873638377e-07
91,/fdml/scans/isprs/cs4.obj,20,0.1,0.025,10,0.0,496.8538084,1.0,4.282161332105414,3.5605314216455426,28778.5,1.0,0.018559855298397793,1.3086946637494631e-08,0.21695024432295734,7.002847269177089e-06
92,/fdml/scans/isprs/cs4.obj,20,0.1,0.05,10,0.0,6689.9756542000005,1.0,7.831241177451875,3.3629066745032565,888173.1,1.0,0.5728013696106596,4.0389436433944957e-07,4.878308411983428,0.00015746490098534905
93,/fdml/scans/isprs/cs4.obj,20,0.05,0.0,10,0.0,52.685574900000006,1.0,0.012463685586161264,3.2727030710045697,26.4,1.0,1.0641194378558878e-06,7.503331289626477e-13,4.7606862803190626e-05,1.5366822481155118e-09
94,/fdml/scans/isprs/cs4.obj,20,0.05,0.01,10,0.0,149.00946240000002,1.0,1.0168053525950607,3.4426127875049595,6082.3,1.0,0.0002451626385178424,1.7286936326854666e-10,0.0062869911544337995,2.0293518900871955e-07
95,/fdml/scans/isprs/cs4.obj,20,0.05,0.025,10,0.0,1468.2468542000001,1.0,3.633267434864161,3.511482058958401,178322.1,1.0,0.007187727757919473,5.068218911213788e-09,0.11507318088537448,3.7143996451051365e-06
96,/fdml/scans/isprs/cs4.obj,20,0.05,0.05,10,3.0,17888.524071571428,1.0,8.255220489900326,3.5360272406682935,3440683.1428571427,1.0,0.13868552316585486,9.779009652199435e-08,1.3191905476956571,4.2581606456744596e-05
97,/fdml/scans/isprs/cs4.obj,30,0.1,0.0,10,0.0,57.464587599999994,1.0,0.025102396844439618,3.2479725383292903,22.8,1.0,1.4704195868554364e-05,1.0368239600211326e-11,0.0003289201430038742,1.0617077350616642e-08
98,/fdml/scans/isprs/cs4.obj,30,0.1,0.01,10,0.0,152.9262792,1.0,0.5204214119618942,3.2961494064394268,4145.5,1.0,0.0026735194725041466,1.885155143099902e-09,0.03683761338422557,1.1890660971402626e-06
99,/fdml/scans/isprs/cs4.obj,30,0.1,0.025,10,0.0,857.7824748,1.0,2.0055426967039893,2.9595393239616583,73970.3,1.0,0.04770499033583387,3.363779796931659e-08,0.47067174094862574,1.519261859357181e-05
100,/fdml/scans/isprs/cs4.obj,30,0.1,0.05,10,1.0,4542.147712888889,1.0,7.3372676548736235,2.8996099334379437,447268.55555555556,1.0,0.2884528266050775,2.0339419076941945e-07,2.3956158064488164,7.732709248860861e-05
101,/fdml/scans/isprs/cs4.obj,30,0.05,0.0,10,0.0,54.384516600000005,1.0,0.00975510915850635,3.143750339907163,16.5,1.0,6.650746486599373e-07,4.6895820560166e-13,2.97542892519933e-05,9.604264050721678e-10
102,/fdml/scans/isprs/cs4.obj,30,0.05,0.01,10,0.0,240.63367510000003,1.0,0.4470205018176693,3.3309655205497557,12914.1,1.0,0.0005205357891068809,3.6704079775535685e-10,0.01231502982786312,3.975117579102897e-07
103,/fdml/scans/isprs/cs4.obj,30,0.05,0.025,10,0.0,3539.5165333000004,1.0,1.8514259423451283,3.0578066015220626,459698.4,1.0,0.018529318294430476,1.3065414349932903e-08,0.26437443382305803,8.533633081242538e-06
104,/fdml/scans/isprs/cs4.obj,30,0.05,0.05,10,4.0,7864.720694333333,1.0,7.646458703691503,2.770701294022311,1070908.1666666667,1.0,0.04316568925214276,3.043704073825588e-08,0.3873879224808287,1.2504334639138225e-05
105,/fdml/scans/isprs/cs4.obj,40,0.1,0.0,10,2.0,58.699937375000005,1.0,0.028197684599884726,2.4168669296424294,16.625,1.0,1.0721809487487574e-05,7.56017470848744e-12,0.0002398376042736588,7.741618901491317e-09
106,/fdml/scans/isprs/cs4.obj,40,0.1,0.01,10,0.0,96.6167041,0.9,0.07777713656118537,3.4107567159589998,651.5,1.0,0.00042016594773522446,2.962678991025283e-10,0.006848175082628806,2.2104941308498446e-07
107,/fdml/scans/isprs/cs4.obj,40,0.1,0.025,10,0.0,556.4735290000001,0.9,2.2650540521116147,3.289553417791006,27029.2,1.0,0.017431695218010475,1.2291457096589916e-08,0.17439259424133163,5.629146471619746e-06
108,/fdml/scans/isprs/cs4.obj,40,0.1,0.05,10,0.0,10630.324016499999,0.9,7.296835420848568,3.126188647377808,908448.4,1.0,0.5858773337539878,4.131145033020795e-07,4.977394162431705,0.0001606632489711118
109,/fdml/scans/isprs/cs4.obj,40,0.05,0.0,10,2.0,59.220192624999996,1.0,0.012556037166806124,2.6292178851536003,14.125,1.0,5.693442068073687e-07,4.0145664570445e-13,2.5471474889965494e-05,8.221832104027386e-10
110,/fdml/scans/isprs/cs4.obj,40,0.05,0.01,10,0.0,134.18852080000002,0.9,0.06282257031777962,3.3885372133493177,3742.8,1.0,0.0001508631148487573,1.0637677405611823e-10,0.003963451657391563,1.2793461792171333e-07
111,/fdml/scans/isprs/cs4.obj,40,0.05,0.025,10,0.0,1904.1490208999999,0.9,1.5921252322118156,3.3565645669334714,158609.6,1.0,0.006393165090503594,4.507955964039049e-09,0.0996537868788869,3.2166833989323234e-06
112,/fdml/scans/isprs/cs4.obj,40,0.05,0.05,10,8.0,16006.2990205,0.0,7.47758521474156,3.0953726302605826,968809.5,1.0,0.039050341686105786,2.7535222101980278e-08,0.48431597602554144,1.5633035218344785e-05
113,/fdml/scans/isprs/cs4.obj,50,0.1,0.0,10,0.0,40.8408127,1.0,0.018891407248574642,3.1858335393931703,11.5,1.0,7.416590021419922e-06,5.229594535194281e-12,0.00016590270370809128,5.355104804038993e-09
114,/fdml/scans/isprs/cs4.obj,50,0.1,0.01,10,0.0,85.7531168,1.0,0.20457008001915528,3.6736237852755522,665.2,1.0,0.0004290013636737887,3.024979378096749e-10,0.006471648076821837,2.088956534862554e-07
115,/fdml/scans/isprs/cs4.obj,50,0.1,0.025,10,0.0,392.42922079999994,1.0,3.359018732667869,3.639824824415051,10979.3,1.0,0.00708077972366791,4.99280758958802e-09,0.09108202696795367,2.9399991035463126e-06
116,/fdml/scans/isprs/cs4.obj,50,0.1,0.05,10,0.0,9117.2306457,1.0,9.392523268577484,3.468870828132266,628163.4,1.0,0.4051156873157276,2.8565564206583923e-07,3.5934511196849015,0.00011599152348935105
117,/fdml/scans/isprs/cs4.obj,50,0.05,0.0,10,0.0,41.9375752,1.0,0.010684333709766528,3.024038436195029,12.5,1.0,5.038444308029905e-07,3.552713678800509e-13,2.2541128221207577e-05,7.27595761418326e-10
118,/fdml/scans/isprs/cs4.obj,50,0.05,0.01,10,0.0,129.8986583,1.0,0.09348225062310354,3.8471651232830006,3020.5,1.0,0.0001217489682592347,8.584777333453554e-11,0.0031745121696493913,1.0246876627207492e-07
119,/fdml/scans/isprs/cs4.obj,50,0.05,0.025,10,0.0,1204.4900750000002,1.0,2.8222746870649766,3.5857630428063834,74964.2,1.0,0.0030216235743712938,2.130610710084933e-09,0.05338099820833527,1.7230631783604344e-06
120,/fdml/scans/isprs/cs4.obj,50,0.05,0.05,10,5.0,12800.823100000001,1.0,7.543878806315682,3.79075557261721,1113985.8,1.0,0.044902043304261466,3.166138071604853e-08,0.487633489112568,1.574011985212542e-05
121,/fdml/scans/isprs/cs5.obj,10,0.1,0.0,10,0.0,136.2364959,1.0,2.6003940234620457,2.701830122093321,68.5,1.0,0.00015846213311857508,7.974449545145046e-09,0.005876153565295314,1.561641693115235e-06
122,/fdml/scans/isprs/cs5.obj,10,0.1,0.01,10,0.0,316.4167332,1.0,5.121488485220321,3.4992219816391406,7091.9,1.0,0.01640580440676713,8.256058208643856e-07,0.32026158334211186,8.511245250701793e-05
123,/fdml/scans/isprs/cs5.obj,10,0.1,0.025,10,0.0,1553.7020833000001,1.0,5.550938825728787,3.3429561561624084,113214.0,1.0,0.2618997363342101,1.3179844245319784e-05,3.383576692358531,0.0008992165327072206
124,/fdml/scans/isprs/cs5.obj,10,0.1,0.05,10,0.0,12903.910808199998,1.0,7.120132320697815,3.2528844317273715,1714133.9,1.0,3.9653330545990166,0.00019955144961941105,36.32397032344882,0.009653428196907133
125,/fdml/scans/isprs/cs5.obj,10,0.05,0.0,10,0.0,138.139521,1.0,0.41927262638231066,2.8845488629552016,18.5,1.0,2.6747714075671753e-06,1.3460521586239286e-10,0.00025652101680559045,6.817281246185259e-08
126,/fdml/scans/isprs/cs5.obj,10,0.05,0.01,10,0.0,486.2028499,1.0,4.750669479760575,3.521791491064922,22625.0,1.0,0.0032711731403411966,1.6461854102118446e-07,0.10089966836439043,2.6815012097358888e-05
127,/fdml/scans/isprs/cs5.obj,10,0.05,0.025,10,0.0,5500.6244000000015,1.0,5.357546039523337,3.265966629347422,784134.7,1.0,0.11337195001027252,5.705330840871077e-06,1.8478652647323055,0.000491087138652811
128,/fdml/scans/isprs/cs5.obj,10,0.05,0.05,10,,,,,,,,,,,
129,/fdml/scans/isprs/cs5.obj,20,0.1,0.0,10,2.0,49.008635250000005,1.0,0.048525316593666136,3.908326822170242,8.25,1.0,1.908485544858739e-05,9.604264050722073e-10,0.0008831051398225338,2.3469328880310157e-07
130,/fdml/scans/isprs/cs5.obj,20,0.1,0.01,10,0.0,216.00708749999998,1.0,2.923024623460207,3.0882861697904387,2420.6,1.0,0.00559961225440588,2.8179492801426405e-07,0.11382244024379143,3.0249357223510383e-05
131,/fdml/scans/isprs/cs5.obj,20,0.1,0.025,10,0.0,1753.5676125000002,1.0,6.049932643023456,2.983454681971291,113708.9,1.0,0.2630445963289905,1.3237458188064072e-05,4.096351877022108,0.0010886430740356394
132,/fdml/scans/isprs/cs5.obj,20,0.1,0.05,10,1.0,13526.939768333332,1.0,7.575761266794637,2.8801452157172296,1448325.7777777778,1.0,3.350434922522352,0.00016860731152693633,31.766503618039152,0.00844223962889792
133,/fdml/scans/isprs/cs5.obj,20,0.05,0.0,10,1.0,58.17650011111112,1.0,0.01601944337388593,2.638312814851981,6.555555555555555,1.0,9.478168951739468e-07,4.769794435964636e-11,9.189277469052758e-05,2.442134751213915e-08
134,/fdml/scans/isprs/cs5.obj,20,0.05,0.01,10,0.0,271.8699541,1.0,1.9196123960907123,3.225967268102412,6678.0,1.0,0.0009655201870125696,4.858884494751385e-08,0.029483095882359894,7.835403084754714e-06
135,/fdml/scans/isprs/cs5.obj,20,0.05,0.025,10,0.0,6177.738766600001,1.0,5.5528275834535155,2.904285504904436,692424.0,1.0,0.10011221173369107,5.038047674934492e-06,2.175800050511437,0.000578238815069179
136,/fdml/scans/isprs/cs5.obj,20,0.05,0.05,10,,,,,,,,,,,
137,/fdml/scans/isprs/cs5.obj,30,0.1,0.0,10,0.0,63.852266799999995,1.0,0.022277195145404764,2.744456840078578,9.5,1.0,2.197650021352494e-05,1.1059455573558785e-09,0.001065333184547816,2.8312206268310595e-07
138,/fdml/scans/isprs/cs5.obj,30,0.1,0.01,10,0.0,159.57639999999998,1.0,2.015176340697187,3.042259795079178,834.0,1.0,0.0019293053871662596,9.709037840366166e-08,0.0369502404535268,9.819865226745602e-06
139,/fdml/scans/isprs/cs5.obj,30,0.1,0.025,10,0.0,1582.9670374000002,1.0,4.411239859816199,3.520421370220909,83021.1,1.0,0.19205402335524374,9.66492807491415e-06,3.5790260826056466,0.0009511590003967125
140,/fdml/scans/isprs/cs5.obj,30,0.1,0.05,10,3.0,5851.356476428572,1.0,4.460400995322579,3.3387341082276967,425838.28571428574,1.0,0.98509843965562,4.957410107660611e-05,8.82035000623618,0.0023440888949802998
141,/fdml/scans/isprs/cs5.obj,30,0.05,0.0,10,0.0,66.5371792,1.0,0.011485726370737873,3.212287846446757,7.8,1.0,1.1277414583256143e-06,5.675246939063022e-11,0.00010933682683516948,2.9057264328002674e-08
142,/fdml/scans/isprs/cs5.obj,30,0.05,0.01,10,0.0,200.21410400000002,1.0,1.3261601918913781,2.9537065861453065,2700.0,1.0,0.00039037204326654426,1.964508555829435e-08,0.009928624929147584,2.638623118400572e-06
143,/fdml/scans/isprs/cs5.obj,30,0.05,0.025,10,0.0,6154.023845999999,1.0,4.3913504492346185,3.522482119112849,553008.6,1.0,0.07995522115559502,4.0236671337694255e-06,2.001151290692568,0.0005318243056535615
144,/fdml/scans/isprs/cs5.obj,30,0.05,0.05,10,5.0,6713.2290252,1.0,1.8941326716507638,3.4846098935060583,834523.0,1.0,0.12065720320392537,6.0719539758311435e-06,1.2424812720877991,0.00033020079135893867
145,/fdml/scans/isprs/cs5.obj,40,0.1,0.0,10,2.0,83.402640625,1.0,0.05056353908826473,3.9764543927261355,6.625,1.0,1.5325717254168693e-05,7.712515071034409e-10,0.0007429297208030803,1.9744038581848129e-07
146,/fdml/scans/isprs/cs5.obj,40,0.1,0.01,10,0.0,161.8562084,1.0,2.089252582546659,3.1788133594741845,775.1,1.0,0.0017930510858424251,9.023351594805624e-08,0.04211990990696367,1.1193752288818243e-05
147,/fdml/scans/isprs/cs5.obj,40,0.1,0.025,10,0.0,1786.7596960000003,1.0,7.0532186326796165,3.085464420929548,74091.8,1.0,0.17139773247634082,8.625420741762248e-06,2.7305947344317754,0.0007256805896758893
148,/fdml/scans/isprs/cs5.obj,40,0.1,0.05,10,5.0,8660.568833399999,1.0,4.018008667275337,3.836126695112938,683617.0,1.0,1.5814220153981753,7.958349306037499e-05,12.994597764108732,0.0034534335136413947
149,/fdml/scans/isprs/cs5.obj,40,0.05,0.0,10,0.0,74.04597909999998,1.0,0.015959057656910434,3.5253332874872654,5.6,1.0,8.096605341824886e-07,4.074536263942664e-11,7.849823465089108e-05,2.0861625671386585e-08
150,/fdml/scans/isprs/cs5.obj,40,0.05,0.01,10,0.0,199.61640849999998,1.0,1.6426287695445523,3.1934714166979004,2515.5,1.0,0.0003636966203099973,1.830267137847758e-08,0.013477866538719902,3.5818666219710923e-06
151,/fdml/scans/isprs/cs5.obj,40,0.05,0.025,10,0.0,6679.7589666,1.0,6.861970107071525,2.961819572618827,471024.6,1.0,0.06810179093723484,3.427155024832464e-06,1.3987656502609922,0.0003717347979545579
152,/fdml/scans/isprs/cs5.obj,40,0.05,0.05,10,8.0,1240.9507709999998,1.0,1.1607752327165917,4.405225764533313,113367.0,1.0,0.016390854603390435,8.248534868499994e-07,0.17756721204288733,4.7190114855766296e-05
153,/fdml/scans/isprs/cs5.obj,50,0.1,0.0,10,1.0,53.5311481111111,1.0,0.029609499917384912,2.954973804755488,9.222222222222221,1.0,2.133391248798323e-05,1.0736079679595055e-09,0.0010341830914323631,2.7484363979762987e-07
154,/fdml/scans/isprs/cs5.obj,50,0.1,0.01,10,0.0,202.21249569999998,0.9,1.27776610599919,3.2883476766644,1148.3,1.0,0.002656380546862077,1.3367971405386392e-07,0.05260503124961887,1.3980269432067863e-05
155,/fdml/scans/isprs/cs5.obj,50,0.1,0.025,10,0.0,2884.42425,0.9,7.3296749696781145,3.038007382348444,94624.6,1.0,0.21889658337953213,1.1015753261749424e-05,2.786956466911156,0.0007406592369079556
156,/fdml/scans/isprs/cs5.obj,50,0.1,0.05,10,7.0,17458.33612533333,1.0,9.690553215185625,3.346777919309513,827979.0,1.0,1.9153769126425215,9.638944174993588e-05,20.264244514904167,0.005385408798853551
157,/fdml/scans/isprs/cs5.obj,50,0.05,0.0,10,1.0,55.58412488888889,1.0,0.013453258050372625,2.9115168848059962,11.11111111111111,1.0,1.6064693138541482e-06,8.084397349092609e-11,0.0001557504655771625,4.139211442735372e-08
158,/fdml/scans/isprs/cs5.obj,50,0.05,0.01,10,0.0,259.23515000000003,0.9,0.9839758264108728,3.1829899343754664,3585.0,1.0,0.0005183273241150183,2.6084308046846162e-08,0.015434715388231279,4.10191714763634e-06
159,/fdml/scans/isprs/cs5.obj,50,0.05,0.025,10,1.0,6629.261018444445,0.8888888888888888,6.343224297417579,3.0040696652938483,245608.0,1.0,0.03551055437136885,1.7870333977058932e-06,0.6784708331193134,0.00018030984534157603
160,/fdml/scans/isprs/cs5.obj,50,0.05,0.05,10,9.0,27248.445708,1.0,20.70256267462795,3.6515907235774465,2322111.0,1.0,0.33573600582520996,1.68955812108011e-05,4.446378308838655,0.0011816658079623708
161,/fdml/scans/isprs/cs1.obj,10,0.1,0.0,10,0.0,115.4979292,1.0,3.0112652681361984,3.2051326823277804,152.3,1.0,0.00018474540526881164,1.7730053514242084e-08,0.018490488280708296,4.464387893676809e-06
162,/fdml/scans/isprs/cs1.obj,10,0.1,0.01,10,0.0,4536.825908500001,1.0,6.495165569655737,3.146875924286521,1121698.3,1.0,1.3606605846300608,0.00013058286859750966,54.54776743924687,0.013170143961906421
163,/fdml/scans/isprs/cs1.obj,10,0.1,0.025,10,4.0,5306.122972166666,1.0,8.09521266228453,3.1032365141121456,1231878.8333333333,1.0,1.4943135542905346,0.00014340957084198286,26.784175851262447,0.006466835737228373
164,/fdml/scans/isprs/cs1.obj,10,0.1,0.05,10,,,,,,,,,,,
165,/fdml/scans/isprs/cs1.obj,10,0.05,0.0,10,0.0,116.2421959,1.0,1.0021221830836078,4.470314203566814,31.6,1.0,2.3957463913716493e-06,2.2992026060819461e-10,0.00046133644825864485,1.1138617992400888e-07
166,/fdml/scans/isprs/cs1.obj,10,0.05,0.01,10,,,,,,,,,,,
167,/fdml/scans/isprs/cs1.obj,10,0.05,0.025,10,,,,,,,,,,,
168,/fdml/scans/isprs/cs1.obj,10,0.05,0.05,10,,,,,,,,,,,
169,/fdml/scans/isprs/cs1.obj,20,0.1,0.0,10,1.0,60.541801222222226,1.0,0.06061904235224396,2.9888250837667165,14.444444444444445,1.0,1.7521633242099362e-05,1.6815546486112784e-09,0.0015497887373683598,3.7418471442328733e-07
170,/fdml/scans/isprs/cs1.obj,20,0.1,0.01,10,0.0,2280.4060289999998,1.0,4.740954588914246,3.26402570683412,289459.6,1.0,0.35112495804938176,3.369753248987847e-05,14.576343217105109,0.0035193473100662426
171,/fdml/scans/isprs/cs1.obj,20,0.1,0.025,10,2.0,9195.411807125001,1.0,6.905336546252316,3.2077653608970866,1426912.25,1.0,1.7308961388010293,0.00016611444882152143,33.26428658353012,0.008031409233808467
172,/fdml/scans/isprs/cs1.obj,20,0.1,0.05,10,,,,,,,,,,,
173,/fdml/scans/isprs/cs1.obj,20,0.05,0.0,10,0.0,56.76643320000001,1.0,0.015605634157910225,3.237172318103794,12.2,1.0,9.24940062491586e-07,8.876668289303716e-11,0.00017435123295393663,4.209578037261889e-08
174,/fdml/scans/isprs/cs1.obj,20,0.05,0.01,10,2.0,4078.16407825,1.0,4.563267277677968,3.2973379848395448,672791.5,1.0,0.051007525583394546,4.895202437683201e-06,3.1960297511488296,0.000771657098084658
175,/fdml/scans/isprs/cs1.obj,20,0.05,0.025,10,,,,,,,,,,,
176,/fdml/scans/isprs/cs1.obj,20,0.05,0.05,10,,,,,,,,,,,
177,/fdml/scans/isprs/cs1.obj,30,0.1,0.0,10,1.0,60.502796333333336,1.0,0.031880722772985995,3.0843166704052303,8.444444444444445,1.0,1.0243416356919592e-05,9.830627176496668e-10,0.0009600461204936697,2.3179584079318576e-07
178,/fdml/scans/isprs/cs1.obj,30,0.1,0.01,10,0.0,2371.6038,1.0,3.6680912242639656,2.5557650235704847,253673.3,1.0,0.30771488256305324,2.953145885838543e-05,11.196706574075701,0.0027033597230911163
179,/fdml/scans/isprs/cs1.obj,30,0.1,0.025,10,3.0,7472.560762,0.8571428571428571,6.169292645987391,2.709790576830092,653745.1428571428,1.0,0.7930164895574402,7.610595119847039e-05,17.265965128240783,0.0041687360831669405
180,/fdml/scans/isprs/cs1.obj,30,0.1,0.05,10,,,,,,,,,,,
181,/fdml/scans/isprs/cs1.obj,30,0.05,0.0,10,0.0,61.58413739999999,1.0,0.01950058173861465,3.1273085698046943,7.7,1.0,5.83773645998785e-07,5.602487362921171e-11,0.00010646225729045802,2.5704503059387026e-08
182,/fdml/scans/isprs/cs1.obj,30,0.05,0.01,10,1.0,3160.7738705555557,1.0,1.891456597443783,2.5418240630467315,349077.44444444444,1.0,0.026465222399892147,2.5398726898439438e-06,1.5420997965641225,0.0003723282780912382
183,/fdml/scans/isprs/cs1.obj,30,0.05,0.025,10,7.0,11512.294958333334,1.0,7.576138847289735,2.9343433096432996,1365569.0,1.0,0.10353028493409216,9.935822163237675e-06,2.2240274134228977,0.0005369745194911746
184,/fdml/scans/isprs/cs1.obj,30,0.05,0.05,10,,,,,,,,,,,
185,/fdml/scans/isprs/cs1.obj,40,0.1,0.0,10,0.0,44.149416499999994,1.0,0.03802095185395002,3.598340546452036,6.6,1.0,8.00603857369767e-06,7.683411240577648e-10,0.000814667707961776,1.9669532775879022e-07
186,/fdml/scans/isprs/cs1.obj,40,0.1,0.01,10,0.0,3239.6330832000003,1.0,5.537669066089228,3.130006037592742,269327.4,1.0,0.32670387172009147,3.135383594779544e-05,12.310011714255939,0.002972158789634665
187,/fdml/scans/isprs/cs1.obj,40,0.1,0.025,10,2.0,5442.444474125,1.0,8.005554601966816,3.134134119193061,337386.375,1.0,0.40926186855888813,3.9276943425627816e-05,7.543267520470561,0.0018212646245956393
188,/fdml/scans/isprs/cs1.obj,40,0.1,0.05,10,6.0,17463.60069775,1.0,10.128506891475219,3.319172280119412,985493.5,1.0,1.1954392386551935,0.0001147265429607928,10.780985345737994,0.002602986991405514
189,/fdml/scans/isprs/cs1.obj,40,0.05,0.0,10,0.0,45.7889751,1.0,0.01749717812698206,3.197363081768022,7.9,1.0,5.989365978429072e-07,5.748006515204816e-11,0.00010800518855553633,2.6077032089233028e-08
190,/fdml/scans/isprs/cs1.obj,40,0.05,0.01,10,2.0,525.6623331249999,1.0,2.787542337594833,3.1653916870592944,19454.25,1.0,0.0014749192795672419,1.4154829841567508e-07,0.07244640888770738,1.7491634935140373e-05
191,/fdml/scans/isprs/cs1.obj,40,0.05,0.025,10,5.0,12898.5084334,1.0,9.498188333940238,3.218881902664182,582006.6,1.0,0.044124690243790274,4.23465535277282e-06,0.9126685301945135,0.00022035688161849433
192,/fdml/scans/isprs/cs1.obj,40,0.05,0.05,10,,,,,,,,,,,
193,/fdml/scans/isprs/cs1.obj,50,0.1,0.0,10,2.0,51.645692875,1.0,0.0391006851287031,3.2343984912568744,6.625,1.0,8.036364477385932e-06,7.712515071034396e-10,0.0007868949451903356,1.899898052215548e-07
194,/fdml/scans/isprs/cs1.obj,50,0.1,0.01,10,0.0,2055.642375,1.0,4.546262443028702,2.962451603626536,125461.2,1.0,0.15218897071240817,1.460560597478601e-05,5.802075759553805,0.0014008671045303224
195,/fdml/scans/isprs/cs1.obj,50,0.1,0.025,10,3.0,5944.561154857144,1.0,5.879325041648841,2.94362610609398,325718.14285714284,1.0,0.39510788119183887,3.791858242556641e-05,7.268105567031388,0.0017548288617815246
196,/fdml/scans/isprs/cs1.obj,50,0.1,0.05,10,,,,,,,,,,,
197,/fdml/scans/isprs/cs1.obj,50,0.05,0.0,10,1.0,49.37806022222222,1.0,0.020012659813055295,3.3149820658382567,6.555555555555555,1.0,4.970078660018512e-07,4.7697944359646294e-11,0.00010114771626629646,2.4421347512139002e-08
198,/fdml/scans/isprs/cs1.obj,50,0.05,0.01,10,1.0,3276.1460183333334,1.0,2.6190737771988486,3.1349646198120653,231181.22222222222,1.0,0.017526948699098013,1.6820647740831495e-06,0.9534149447899884,0.0002301947938071391
199,/fdml/scans/isprs/cs1.obj,50,0.05,0.025,10,7.0,12631.337347333334,1.0,2.245905078933522,2.5295306558495825,761193.0,1.0,0.057709664015393285,5.538408004210254e-06,1.6414525694586253,0.00039631625016530223
200,/fdml/scans/isprs/cs1.obj,50,0.05,0.05,10,,,,,,,,,,,
201,/fdml/scans/isprs/cs2.obj,10,0.1,0.0,10,0.0,184.0649752,0.7,4.233369234901149,2.977518383463285,229.6,1.0,0.000943414905304276,2.6728957891464107e-08,0.02836726369698477,6.833672523498611e-06
202,/fdml/scans/isprs/cs2.obj,10,0.1,0.01,10,0.0,303.4515043,0.8,3.964815357338176,3.292057950443212,4033.0,1.0,0.0165713950918635,4.6950299292799057e-07,0.2833633558567101,6.82622194290169e-05
203,/fdml/scans/isprs/cs2.obj,10,0.1,0.025,10,0.0,1119.3232749,0.8,4.838893112391887,3.172708545776539,63000.4,1.0,0.25886548954791067,7.334211841234075e-06,3.1145350367632125,0.0007502913475036654
204,/fdml/scans/isprs/cs2.obj,10,0.1,0.05,10,0.0,6976.1405918,0.8,4.902540740583872,3.1823028904315445,826557.8,1.0,3.3962846193690517,9.622399229452911e-05,25.058871258506876,0.006036680936813427
205,/fdml/scans/isprs/cs2.obj,10,0.05,0.0,10,0.0,189.5572623,1.0,3.6000925342810595,2.6837712207487696,154.0,1.0,3.954864313394461e-05,1.1204974725842455e-09,0.0023814645711597586,5.736947059631157e-07
206,/fdml/scans/isprs/cs2.obj,10,0.05,0.01,10,0.0,404.9384292000001,1.0,3.61273197119327,3.3980964749897433,12553.7,1.0,0.0032239078007178152,9.134018910116382e-08,0.07903988127345657,1.904070377349878e-05
207,/fdml/scans/isprs/cs2.obj,10,0.05,0.025,10,0.0,3076.8526457999997,1.0,4.667831628793005,3.1590585621549985,361097.0,1.0,0.09273309343966243,2.6273264666032716e-06,1.4058017324391092,0.00033865757286547947
208,/fdml/scans/isprs/cs2.obj,10,0.05,0.05,10,6.0,16740.24415625,1.0,6.071383716821547,3.205787576601147,3671647.25,1.0,0.9429134208590828,2.671474976676369e-05,7.810117443494217,0.0018814569339155784
209,/fdml/scans/isprs/cs2.obj,20,0.1,0.0,10,0.0,41.2325206,1.0,0.22844449558823796,3.7035895634307052,22.2,1.0,9.12186885790724e-05,2.5844201445579524e-09,0.002734045040136799,6.586313247680787e-07
210,/fdml/scans/isprs/cs2.obj,20,0.1,0.01,10,0.0,127.3036001,1.0,2.972842530256533,3.444345763298751,1041.6,1.0,0.004279882253331548,1.2125819921493344e-07,0.06943979552166243,1.6728043556213198e-05
211,/fdml/scans/isprs/cs2.obj,20,0.1,0.025,10,0.0,576.24585,1.0,4.131413327834173,3.1679830501165296,24914.9,1.0,0.10237407676035633,2.9004761017874027e-06,1.2203243024849537,0.0002939760684967103
212,/fdml/scans/isprs/cs2.obj,20,0.1,0.05,10,0.0,6387.726320899999,1.0,5.187194546370136,3.1014257435205983,735475.4,1.0,3.0220315977180436,8.56206053857367e-05,19.092999412260177,0.004599502682685821
213,/fdml/scans/isprs/cs2.obj,20,0.05,0.0,10,0.0,41.169503899999995,1.0,0.03982961292607192,3.957192052119491,16.7,1.0,4.2887164956939744e-06,1.2150849215686246e-10,0.00025824972946992457,6.221234798431257e-08
214,/fdml/scans/isprs/cs2.obj,20,0.05,0.01,10,0.0,152.86741679999997,1.0,2.6007711717307016,3.423595189467008,2952.4,1.0,0.0007582039869392981,2.1481537260113966e-08,0.02115482813861449,5.0961971282958595e-06
215,/fdml/scans/isprs/cs2.obj,20,0.05,0.025,10,0.0,1440.8609709,1.0,3.888128262521004,3.19377284339717,131725.9,1.0,0.03382844552352936,9.584320650949178e-07,0.5353207610798338,0.00012895874679088158
216,/fdml/scans/isprs/cs2.obj,20,0.05,0.05,10,,,,,,,,,,,
217,/fdml/scans/isprs/cs2.obj,30,0.1,0.0,10,2.0,32.690406249999995,1.0,0.06271438593445079,2.8796921899542225,16.125,1.0,6.625681771790714e-05,1.877197064459318e-09,0.0019948631797377923,4.805624485015886e-07
218,/fdml/scans/isprs/cs2.obj,30,0.1,0.01,10,0.0,129.52332070000003,1.0,1.5604802916143845,3.13984631015549,1558.4,1.0,0.006403387580253,1.8142163753508263e-07,0.13352284216378335,3.2165646553039766e-05
219,/fdml/scans/isprs/cs2.obj,30,0.1,0.025,10,0.0,1051.0612833,1.0,2.9668487423579526,3.233482888072177,37539.9,1.0,0.1542495697024227,4.370219539856391e-06,2.2639130056784964,0.00054537653923035
220,/fdml/scans/isprs/cs2.obj,30,0.1,0.05,10,0.0,9793.7841791,1.0,4.335718761381328,3.3792893600163523,768915.8,1.0,3.159436527149623,8.951358031353027e-05,27.033185801087633,0.006512293219566379
221,/fdml/scans/isprs/cs2.obj,30,0.05,0.0,10,1.0,34.473949,1.0,0.026447582406711745,3.100236561062216,11.222222222222221,1.0,2.881971830107047e-06,8.165241322583529e-11,0.00017354106903834214,4.180603557162792e-08
222,/fdml/scans/isprs/cs2.obj,30,0.05,0.01,10,0.0,170.014775,1.0,1.0367224281445335,3.153555602413232,5954.3,1.0,0.001529120037743003,4.33232344221279e-08,0.04799424313670028,1.156181097030667e-05
223,/fdml/scans/isprs/cs2.obj,30,0.05,0.025,10,0.0,2613.3020081000004,1.0,2.580857711803629,3.1546585285870785,252523.7,1.0,0.06485045255885315,1.837351737758388e-06,1.258110722482492,0.00030307881534098925
224,/fdml/scans/isprs/cs2.obj,30,0.05,0.05,10,,,,,,,,,,,
225,/fdml/scans/isprs/cs2.obj,40,0.1,0.0,10,0.0,28.386874999999996,1.0,0.034554326530092376,3.306473674276244,6.7,1.0,2.7529964571161283e-05,7.799826562404573e-10,0.0008288733832088767,1.9967555999755825e-07
226,/fdml/scans/isprs/cs2.obj,40,0.1,0.01,10,0.0,86.4892915,1.0,1.9196871782241458,3.3699715139825424,409.1,1.0,0.0016809714188152508,4.762550815939909e-08,0.02935696325902453,7.072091102600011e-06
227,/fdml/scans/isprs/cs2.obj,40,0.1,0.025,10,0.0,636.3410293,1.0,4.631407423768487,3.457334387509248,30045.9,1.0,0.12345709888206265,3.4978031180848e-06,1.5978575716697463,0.00038492381572722493
228,/fdml/scans/isprs/cs2.obj,40,0.1,0.05,10,0.0,8926.748570799999,1.0,6.229129180199566,3.279341441848987,625709.3,1.0,2.5710081881600275,7.284214952886999e-05,19.59821629619318,0.004721209406852789
229,/fdml/scans/isprs/cs2.obj,40,0.05,0.0,10,0.0,28.4730459,1.0,0.017414654909771305,3.352665488134689,5.7,1.0,1.463813414697926e-06,4.147295840084476e-11,8.814511724422667e-05,2.1234154701232663e-08
230,/fdml/scans/isprs/cs2.obj,40,0.05,0.01,10,0.0,102.6940707,1.0,0.6427044772322283,3.2094942043819272,1146.9,1.0,0.0002945346675994872,8.344795787706945e-09,0.007266559753168783,1.75051391124723e-06
231,/fdml/scans/isprs/cs2.obj,40,0.05,0.025,10,0.0,2076.6605707,1.0,4.116445772332036,3.5299598554068248,181160.9,1.0,0.04652381677887676,1.3181190297515133e-06,0.8506374951403703,0.00020491853356361298
232,/fdml/scans/isprs/cs2.obj,40,0.05,0.05,10,7.0,17486.668861333335,1.0,3.825483675578619,3.2544920319768345,1095084.6666666667,1.0,0.2812280044338609,7.967789618491073e-06,2.120194196151544,0.0005107546846071755
233,/fdml/scans/isprs/cs2.obj,50,0.1,0.0,10,1.0,34.85891188888888,1.0,0.05790265511521867,2.835188575758205,7.888888888888889,1.0,3.241504949506556e-05,9.183875388569237e-10,0.0009759537347898942,2.3510720994737518e-07
234,/fdml/scans/isprs/cs2.obj,50,0.1,0.01,10,0.0,124.4291168,1.0,0.8911360698598365,3.274130124743196,3241.9,1.0,0.013320804797498236,3.774068318306966e-07,0.24923109221083722,6.0039758682251075e-05
235,/fdml/scans/isprs/cs2.obj,50,0.1,0.025,10,0.0,766.9848086000001,1.0,4.804715133846265,2.9878975508636185,37816.0,1.0,0.15538405077961795,4.402361810209046e-06,1.8626022045155834,0.00044870078563689675
236,/fdml/scans/isprs/cs2.obj,50,0.1,0.05,10,0.0,8878.6809876,1.0,6.703548731414817,3.120801247236623,715599.4,1.0,2.940362108791306,8.330673444913526e-05,20.986294674443577,0.005055597424507115
237,/fdml/scans/isprs/cs2.obj,50,0.05,0.0,10,0.0,35.4121083,1.0,0.02603400363462959,2.652719063715988,7.9,1.0,2.0287940308971384e-06,5.748006515204837e-11,0.00012216603968936637,2.9429793357848666e-08
238,/fdml/scans/isprs/cs2.obj,50,0.05,0.01,10,0.0,288.67341259999995,1.0,0.7490404773514585,3.3951710844218184,12217.0,1.0,0.0031374400855097156,8.889037417268019e-08,0.0986251077628967,2.375878393650055e-05
239,/fdml/scans/isprs/cs2.obj,50,0.05,0.025,10,0.0,3336.9240917,1.0,3.9410646640179174,2.9643952530733055,294781.7,1.0,0.07570270295812645,2.144819154606382e-06,1.1090851645227158,0.00026717856526374897
240,/fdml/scans/isprs/cs2.obj,50,0.05,0.05,10,6.0,20060.476364500002,0.75,5.24954690195661,3.1405874383898182,1506400.75,1.0,0.38685782907314686,1.0960508006754823e-05,2.677852527893511,0.0006450945511460203
241,/fdml/scans/isprs/cs3.obj,10,0.1,0.0,10,1.0,120.17169911111108,1.0,0.033444439385337796,3.5683848753745946,53.666666666666664,1.0,2.0233666962051232e-05,3.90476391961175e-10,0.0009215492461146288,1.9123156865437458e-07
242,/fdml/scans/isprs/cs3.obj,10,0.1,0.01,10,0.0,229.90831660000003,1.0,5.722099106451302,2.823357962952907,1628.2,1.0,0.0006138718611356008,1.184671418741294e-08,0.011207594695117366,2.3256987333297097e-06
243,/fdml/scans/isprs/cs3.obj,10,0.1,0.025,10,0.0,802.7253999000001,1.0,10.880697254310551,3.119849664784277,52234.5,1.0,0.019693704539067908,3.8005600799831816e-07,0.3053248238614238,6.335824728012204e-05
244,/fdml/scans/isprs/cs3.obj,10,0.1,0.05,10,1.0,7715.427000111111,1.0,16.682305775922813,3.2235320716123335,1361136.6666666667,1.0,0.5131823478860071,9.903572693794009e-06,5.03966958026292,0.0010457866721682873
245,/fdml/scans/isprs/cs3.obj,10,0.05,0.0,10,0.0,115.2113292,1.0,0.032314270022295644,3.715083248357675,54.7,1.0,1.288953706705203e-06,2.4874680093489408e-11,0.00011938251597394277,2.4773180484771717e-08
246,/fdml/scans/isprs/cs3.obj,10,0.05,0.01,10,0.0,272.9875083,1.0,3.9437281013570655,2.9070531903394032,6393.8,1.0,0.00015066384296034664,2.9075636120975836e-09,0.00410882305917845,8.526258170604869e-07
247,/fdml/scans/isprs/cs3.obj,10,0.05,0.025,10,0.0,1862.6984582,1.0,9.820215256132448,3.0161565654901397,306683.0,1.0,0.00722669450889422,1.3946328181298574e-07,0.14094990997818074,2.9248651117085984e-05
248,/fdml/scans/isprs/cs3.obj,10,0.05,0.05,10,,,,,,,,,,,
249,/fdml/scans/isprs/cs3.obj,20,0.1,0.0,10,2.0,142.334567875,1.0,0.02811616556796466,3.524193282774952,23.25,1.0,8.765827767720986e-06,1.6916601452976432e-10,0.00041738999945776617,8.661299943923868e-08
250,/fdml/scans/isprs/cs3.obj,20,0.1,0.01,10,0.0,425.3023373,1.0,1.1366797756683533,3.780213781062188,15205.5,1.0,0.005732851360077093,1.1063457350222595e-07,0.13757712949870754,2.8548762202265826e-05
251,/fdml/scans/isprs/cs3.obj,20,0.1,0.025,10,0.0,3422.016950000001,1.0,12.071451686680605,3.340635282559213,405512.3,1.0,0.1528882141733346,2.9504903068612586e-06,1.9474035050830316,0.00040410757064819196
252,/fdml/scans/isprs/cs3.obj,20,0.1,0.05,10,1.0,9234.41434722222,1.0,15.802832895287846,3.467159920341489,958598.4444444445,1.0,0.361415434945629,6.974721650866846e-06,4.9714290580577964,0.0010316260159015725
253,/fdml/scans/isprs/cs3.obj,20,0.05,0.0,10,2.0,146.82331762500002,1.0,0.01175142176572614,2.9719762160165195,20.5,1.0,4.83063089350208e-07,9.322320693172348e-12,4.4880645102986035e-05,9.313225746154785e-09
254,/fdml/scans/isprs/cs3.obj,20,0.05,0.01,10,0.0,785.9556167000001,1.0,1.1622366336238312,3.905234712223583,67833.3,1.0,0.0015984274858081096,3.0847013477118544e-08,0.05684582508744792,1.1796131730080855e-05
255,/fdml/scans/isprs/cs3.obj,20,0.05,0.025,10,1.0,700.3960322222224,1.0,10.612731685388336,3.3060790165450937,48162.11111111111,1.0,0.0011348945455104849,2.190159244088034e-08,0.020942306352722043,4.345758093727919e-06
256,/fdml/scans/isprs/cs3.obj,20,0.05,0.05,10,,,,,,,,,,,
257,/fdml/scans/isprs/cs3.obj,30,0.1,0.0,10,0.0,50.9707127,1.0,0.02233130006202205,3.3664432203394354,10.2,1.0,3.8456534722904705e-06,7.421476766467029e-11,0.00018311303202018836,3.7997961044312626e-08
258,/fdml/scans/isprs/cs3.obj,30,0.1,0.01,10,0.0,109.73544580000001,1.0,0.3021340704808644,2.8622164681456974,414.3,1.0,0.00015620139544803406,3.014429239556176e-09,0.0032278159958068152,6.698071956634647e-07
259,/fdml/scans/isprs/cs3.obj,30,0.1,0.025,10,0.0,344.7415165,1.0,3.1767299774823905,2.9623158392321067,14928.8,1.0,0.005628528584030469,1.0862131603058424e-07,0.07840648699491429,1.6270205378531932e-05
260,/fdml/scans/isprs/cs3.obj,30,0.1,0.05,10,0.0,6873.7650335,1.0,5.905726149345863,3.1184601176338247,794768.7,1.0,0.29964755008345473,5.782703374333449e-06,3.650889680160327,0.0007575996220111764
261,/fdml/scans/isprs/cs3.obj,30,0.05,0.0,10,0.0,51.52248760000001,1.0,0.009281374028840847,2.8645155056808553,11.4,1.0,2.68630205785e-07,5.18411980010572e-12,2.5357564483187205e-05,5.261972546577474e-09
262,/fdml/scans/isprs/cs3.obj,30,0.05,0.01,10,0.0,122.5916211,1.0,0.3064643507894154,2.9423260661933077,2281.1,1.0,5.3751961615452774e-05,1.0373241821071162e-09,0.0015708225786044236,3.2596290111539927e-07
263,/fdml/scans/isprs/cs3.obj,30,0.05,0.025,10,0.0,918.8664499999999,1.0,2.259803736671766,2.9695409599432017,93792.8,1.0,0.0022101385232712973,4.2652027332463644e-08,0.03981204944827923,8.26143659651257e-06
264,/fdml/scans/isprs/cs3.obj,30,0.05,0.05,10,5.0,8783.976283400001,1.0,3.34557873319505,2.7791506411051334,1245473.2,1.0,0.029348396668328457,5.663756383055786e-07,0.3193859299722089,6.627608090639638e-05
265,/fdml/scans/isprs/cs3.obj,40,0.1,0.0,10,0.0,104.73334570000002,1.0,0.021618937507513605,3.7586891680413714,15.3,1.0,5.76848020843574e-06,1.1132215149700611e-10,0.00027466954803027113,5.6996941566466567e-08
266,/fdml/scans/isprs/cs3.obj,40,0.1,0.01,10,0.0,261.9061082,1.0,0.8648447605013961,3.584019579804167,1120.2,1.0,0.000422343237221535,8.150527719407956e-09,0.010214834825439393,2.1196901798247817e-06
267,/fdml/scans/isprs/cs3.obj,40,0.1,0.025,10,0.0,2123.3672503000003,1.0,10.050106937013139,3.507229468370725,135632.0,1.0,0.0511366344860654,9.868526831347998e-07,0.8258702932496742,0.00017137713730334795
268,/fdml/scans/isprs/cs3.obj,40,0.1,0.05,10,5.0,12104.175675,1.0,7.566681110859577,3.031607011672034,1071324.2,1.0,0.40391584605064634,7.794909470320382e-06,4.440232513973604,0.0009213969111442483
269,/fdml/scans/isprs/cs3.obj,40,0.05,0.0,10,0.0,110.26669180000002,1.0,0.01590025583061899,3.243362129041875,14.3,1.0,3.369659598881999e-07,6.502887117676438e-12,3.208966124863283e-05,6.658956408500216e-09
270,/fdml/scans/isprs/cs3.obj,40,0.05,0.01,10,0.0,308.66888750000004,1.0,0.6656216679873527,3.697055148438249,5159.2,1.0,0.0001215716629548988,2.346132532693246e-09,0.004175470817156367,8.664559572935233e-07
271,/fdml/scans/isprs/cs3.obj,40,0.05,0.025,10,1.0,1885.4845185555557,1.0,9.594543306099913,3.606130505192507,160208.33333333334,1.0,0.0037751576799953846,7.285431517351004e-08,0.07562762705228745,1.5693561484415786e-05
272,/fdml/scans/isprs/cs3.obj,40,0.05,0.05,10,8.0,23810.483375,1.0,3.523723512416524,3.171061830707105,2088614.5,1.0,0.049216223065461764,9.497919109077608e-07,0.6408181929578589,0.00013297679834068258
273,/fdml/scans/isprs/cs3.obj,50,0.1,0.0,10,1.0,77.36760644444445,1.0,0.028279243828334244,2.8373118770701815,12.555555555555555,1.0,4.733756452819418e-06,9.135369004474653e-11,0.00022540057318388512,4.677308930291065e-08
274,/fdml/scans/isprs/cs3.obj,50,0.1,0.01,10,0.0,148.6172416,1.0,0.05715328351670742,3.016571411504795,552.0,1.0,0.00020811771732395594,4.016328603029236e-09,0.003743045801589026,7.767230272293072e-07
275,/fdml/scans/isprs/cs3.obj,50,0.1,0.025,10,0.0,535.8567,1.0,4.829943077643953,3.1401315985616085,9630.0,1.0,0.0036307493076631345,7.00674718245985e-08,0.05509368470262098,1.1432543396949655e-05
276,/fdml/scans/isprs/cs3.obj,50,0.1,0.05,10,2.0,7858.513109249999,1.0,7.626187461419376,3.3982048017353987,597687.0,1.0,0.22534285165806184,4.3487452785850335e-06,2.2401186628963132,0.0004648491740226729
277,/fdml/scans/isprs/cs3.obj,50,0.05,0.0,10,0.0,80.1636168,1.0,0.010366038678763748,3.1028616972846166,10.1,1.0,2.3799693670425426e-07,4.592948243953312e-12,2.2664725777008468e-05,4.703179001808275e-09
278,/fdml/scans/isprs/cs3.obj,50,0.05,0.01,10,0.0,173.75899180000002,1.0,0.04945117403473794,3.115031603609209,2655.5,1.0,6.257434311070622e-05,1.207581590278984e-09,0.0016904294978039695,3.5078264772892007e-07
279,/fdml/scans/isprs/cs3.obj,50,0.05,0.025,10,0.0,1125.9779251,1.0,4.012767792189606,3.1954913295627896,53888.7,1.0,0.0012698361903929062,2.4505743567703688e-08,0.023966040081768888,4.9732159823178955e-06
280,/fdml/scans/isprs/cs3.obj,50,0.05,0.05,10,5.0,9569.7131418,1.0,6.067909456461789,3.570566510344139,909777.0,1.0,0.021438033572859484,4.137186806510566e-07,0.3321091440524481,6.891628727317251e-05
281,/fdml/scans/perlin/perlin1.obj,10,0.1,0.0,10,0.0,176.7927414,1.0,1.374477061100494,3.014144206456631,872.6,1.0,0.01048017874977861,2.6005506515503005e-05,0.25521385596949925,0.0016504287719726583
282,/fdml/scans/perlin/perlin1.obj,10,0.1,0.01,10,0.0,679.4781832,1.0,1.5941134418189598,3.204980034736463,56357.0,1.0,0.6768638938801941,0.001679569482799324,10.875301543535121,0.07032890319824216
283,/fdml/scans/perlin/perlin1.obj,10,0.1,0.025,10,0.0,1235.9736335000002,1.0,1.6647215258227965,3.1524667083490043,152643.3,1.0,1.8332902463321132,0.00454912483690271,18.21609911644542,0.11780071258544936
284,/fdml/scans/perlin/perlin1.obj,10,0.1,0.05,10,0.0,2195.7051668,1.0,1.6664617810078088,3.1518928879636987,315663.6,1.0,3.79121126840068,0.009407508373282757,23.28737215576735,0.1505958557128915
285,/fdml/scans/perlin/perlin1.obj,10,0.05,0.0,10,0.0,178.42742919999998,1.0,0.800260504370161,2.6562061762088143,60.5,1.0,4.541390774421299e-05,1.1269003152847287e-07,0.002164141532620131,1.3995170593261725e-05
286,/fdml/scans/perlin/perlin1.obj,10,0.05,0.01,10,0.0,3371.7842541,1.0,1.5432453493553262,3.229674657038337,283490.9,1.0,0.21280048890980133,0.000528042949741002,6.03459990361716,0.03902482986450188
287,/fdml/scans/perlin/perlin1.obj,10,0.05,0.025,10,0.0,10361.0099167,1.0,1.6560057801468637,3.1626782716770228,1429390.4,1.0,1.0729620455777895,0.0026624470949744134,15.967674041104322,0.10326049327850377
288,/fdml/scans/perlin/perlin1.obj,10,0.05,0.05,10,1.0,19017.227273111108,1.0,1.6243489979108388,3.1492586037137285,3265309.777777778,1.0,2.451082264593433,0.006082113418462914,19.436121104130695,0.12569040722317185
289,/fdml/scans/perlin/perlin1.obj,20,0.1,0.0,10,0.0,58.10044999999999,1.0,0.0913442568803531,3.37733863220445,15.4,1.0,0.00018495846063097617,4.58955764770507e-07,0.004483127944916655,2.8991699218749985e-05
290,/fdml/scans/perlin/perlin1.obj,20,0.1,0.01,10,0.0,317.2726291,1.0,1.7581879552483737,3.127151756002118,14022.7,1.0,0.16841668869418985,0.00041790902614602024,3.035844469541255,0.019632339477539028
291,/fdml/scans/perlin/perlin1.obj,20,0.1,0.025,10,0.0,864.5111166,1.0,1.7956453145881706,3.1390955461018573,72366.7,1.0,0.8691450281128367,0.0021566957235326623,9.959062269792804,0.06440372467041028
292,/fdml/scans/perlin/perlin1.obj,20,0.1,0.05,10,0.0,1974.6859166000002,1.0,1.7927453915220457,3.143245989244039,228573.0,1.0,2.7452279364654517,0.006812006235084616,17.93684743629762,0.11599483489990267
293,/fdml/scans/perlin/perlin1.obj,20,0.05,0.0,10,0.0,58.4811501,1.0,0.016099795590900082,2.8650088508438065,14.0,1.0,1.0509003444941832e-05,2.6077032089233355e-08,0.00047928177042694416,3.0994415283203057e-06
294,/fdml/scans/perlin/perlin1.obj,20,0.05,0.01,10,0.0,1170.3803834,1.0,1.6512633161798924,3.1473462768451066,52053.7,1.0,0.03907375090149723,9.695757180434476e-05,1.2200781087130836,0.007890057563781768
295,/fdml/scans/perlin/perlin1.obj,20,0.05,0.025,10,0.0,6198.33695,1.0,1.8005786310673073,3.1368893168481997,595236.6,1.0,0.4468102485722353,0.0011087145656446212,7.660847192069982,0.04954152107238763
296,/fdml/scans/perlin/perlin1.obj,20,0.05,0.05,10,0.0,20237.914887400002,1.0,1.79351132956548,3.1421240907589185,2648343.8,1.0,1.9879610084462853,0.004932924732682437,16.992942544052987,0.10989074707031214
297,/fdml/scans/perlin/perlin1.obj,30,0.1,0.0,10,0.0,25.9973374,1.0,0.03459841859649074,3.2068624086445867,12.3,1.0,0.0001477265627117537,3.665685653686517e-07,0.0035393115354605104,2.2888183593749946e-05
298,/fdml/scans/perlin/perlin1.obj,30,0.1,0.01,10,0.0,419.29711669999995,1.0,1.8491372301212075,3.150840869196677,17900.8,1.0,0.21499379299114918,0.000533485412597771,3.6241370352603846,0.023436737060546848
299,/fdml/scans/perlin/perlin1.obj,30,0.1,0.025,10,0.0,1259.166579,1.0,1.8694709653920973,3.142459815412267,87823.0,1.0,1.054779668049847,0.002617329359050277,10.805488623498173,0.0698774337768555
300,/fdml/scans/perlin/perlin1.obj,30,0.1,0.05,10,0.0,2767.9401707999996,1.0,1.8714612976856113,3.143494522350436,260973.6,1.0,3.134368527348252,0.007777619361851477,19.399025514384697,0.12545051574707033
301,/fdml/scans/perlin/perlin1.obj,30,0.05,0.0,10,0.0,26.985141799999997,1.0,0.010781790507859022,3.17029332685975,11.1,1.0,8.332138445632451e-06,2.0675361156463586e-08,0.00039079898204043186,2.5272369384765595e-06
302,/fdml/scans/perlin/perlin1.obj,30,0.05,0.01,10,0.0,1762.9114083,1.0,1.8191756367442378,3.1914473935055243,73474.7,1.0,0.05515327681531614,0.0001368572935459086,1.6441134381411942,0.010632228851318351
303,/fdml/scans/perlin/perlin1.obj,30,0.05,0.025,10,0.0,9108.6714376,1.0,1.8734144029297923,3.1519695161437657,770230.1,1.0,0.5781679124576333,0.001434665359575988,8.92461736433173,0.057714128494262495
304,/fdml/scans/perlin/perlin1.obj,30,0.05,0.05,10,1.0,25759.04135633334,1.0,1.9988414766638063,3.146996204122063,2708017.111111111,1.0,2.032754367878807,0.0050440749361652095,16.43816037658004,0.10630305608113585
305,/fdml/scans/perlin/perlin1.obj,40,0.1,0.0,10,0.0,25.7827502,1.0,0.023659490881039174,3.113079342339897,9.4,1.0,0.00011289672272280365,2.801418304443354e-07,0.0027429664399818985,1.7738342285156228e-05
306,/fdml/scans/perlin/perlin1.obj,40,0.1,0.01,10,0.0,128.27923750000002,1.0,1.3318123835153493,2.983858201239915,3703.6,1.0,0.04448130875278937,0.00011037588119507989,0.806963030085001,0.0052185058593750165
307,/fdml/scans/perlin/perlin1.obj,40,0.1,0.025,10,0.0,491.63207909999994,1.0,1.3797865462459935,3.087365593440023,30810.1,1.0,0.3700382251875179,0.0009182125329973447,4.368365768379345,0.028249549865722624
308,/fdml/scans/perlin/perlin1.obj,40,0.1,0.05,10,0.0,1782.1789585000001,1.0,1.376602042878434,3.1239304798316567,153174.1,1.0,1.8396653080782517,0.004564943909624103,11.950809836373214,0.0772840499877931
309,/fdml/scans/perlin/perlin1.obj,40,0.05,0.0,10,0.0,25.113283300000003,1.0,0.009566245912833587,3.2551539817840087,9.9,1.0,7.431366721780293e-06,1.844018697738644e-08,0.00036499150209436576,2.3603439331054676e-06
310,/fdml/scans/perlin/perlin1.obj,40,0.05,0.01,10,0.0,402.23583340000005,1.0,1.303921080354335,2.9225665656394657,12068.5,1.0,0.009059136291093247,2.247933298349819e-05,0.2831117417911957,0.0018308401107788026
311,/fdml/scans/perlin/perlin1.obj,40,0.05,0.025,10,0.0,3077.9987207000004,1.0,1.3802474042970094,3.0854681764497855,226807.7,1.0,0.17025163575898314,0.00042246226221082426,3.0225757380661262,0.019546532630920366
312,/fdml/scans/perlin/perlin1.obj,40,0.05,0.05,10,1.0,15362.605421222223,1.0,1.45483172373747,3.1219824820630557,1526552.7777777778,1.0,1.1458963143493224,0.002843426126632782,9.71926899755486,0.06285301844278963
313,/fdml/scans/perlin/perlin1.obj,50,0.1,0.0,10,0.0,21.1308419,1.0,0.025380877289004518,2.9623603836102417,10.8,1.0,0.00012971112823471058,3.2186508178710887e-07,0.0031853803819144643,2.0599365234374978e-05
314,/fdml/scans/perlin/perlin1.obj,50,0.1,0.01,10,0.0,176.2119541,1.0,1.717491705224966,2.9859447989722767,4616.1,1.0,0.05544069805966053,0.00013757050037385989,1.0064032351081997,0.006508255004882819
315,/fdml/scans/perlin/perlin1.obj,50,0.1,0.025,10,0.0,650.5963503,1.0,1.8379066676936375,3.0872769252981023,36776.2,1.0,0.4416928142763064,0.0010960161685940703,5.055051194784273,0.03269023895263666
316,/fdml/scans/perlin/perlin1.obj,50,0.1,0.05,10,0.0,1908.3502666999998,1.0,1.8580166132092757,3.1156378180894544,139034.0,1.0,1.6698386113811268,0.004143536090835065,10.580417904105692,0.06842193603515637
317,/fdml/scans/perlin/perlin1.obj,50,0.05,0.0,10,0.0,22.2978416,1.0,0.008671904404922754,2.9795243294510345,8.8,1.0,6.60565930824915e-06,1.6391277313232397e-08,0.0003244368907505473,2.0980834960937485e-06
318,/fdml/scans/perlin/perlin1.obj,50,0.05,0.01,10,0.0,530.4521419,1.0,1.5688619695232422,2.900530089004745,15261.3,1.0,0.011455789591023205,2.8426386415964393e-05,0.3545284123676616,0.00229268074035645
319,/fdml/scans/perlin/perlin1.obj,50,0.05,0.025,10,0.0,4437.0163334,1.0,1.8204518503456808,3.073847700296378,287293.7,1.0,0.21565503450158102,0.0005351262167117485,3.6976219910153896,0.023911952972412116
320,/fdml/scans/perlin/perlin1.obj,50,0.05,0.05,10,2.0,13782.884041875,1.0,1.9185195108533244,3.101648878029871,1077088.875,1.0,0.8085093355770718,0.0020062343683440237,6.778325390877172,0.0438343882560729
321,/fdml/scans/perlin/perlin3.obj,10,0.1,0.0,10,0.0,165.4003417,1.0,1.4582395591861768,3.2024794887091943,479.7,1.0,0.00590150682131617,1.42961740493773e-05,0.13953735728553143,0.0009023666381835968
322,/fdml/scans/perlin/perlin3.obj,10,0.1,0.01,10,0.0,653.9401126,1.0,1.849414383735338,3.148481921240614,32625.2,1.0,0.40137135782104705,0.0009723067283627854,6.623821538614363,0.04283523559570314
323,/fdml/scans/perlin/perlin3.obj,10,0.1,0.025,10,0.0,1245.7675124,1.0,1.8592060513768396,3.145686646445533,102728.9,1.0,1.2638217721398894,0.0030615597963292345,12.519134786179764,0.08095932006835935
324,/fdml/scans/perlin/perlin3.obj,10,0.1,0.05,10,0.0,2181.1889999999994,1.0,1.8749624380726069,3.141108334761583,226688.3,1.0,2.788831663035798,0.006755837798096842,16.82724377566796,0.10881919860839881
325,/fdml/scans/perlin/perlin3.obj,10,0.05,0.0,10,0.0,190.8996249,1.0,0.57133936607976,3.3715955566344213,34.0,1.0,2.614280174129033e-05,6.332993507385247e-08,0.0011908308603684854,7.700920104980458e-06
326,/fdml/scans/perlin/perlin3.obj,10,0.05,0.01,10,0.0,2724.8298041999997,1.0,1.839830803542613,3.1420411062802076,127257.4,1.0,0.09784896995011892,0.00023703537881317074,2.9174987400742927,0.01886701583862301
327,/fdml/scans/perlin/perlin3.obj,10,0.05,0.025,10,0.0,9880.842566700001,1.0,1.8534329720052536,3.1424032308763534,902643.8,1.0,0.6940481737300521,0.001681305095583097,10.500414716272857,0.06790456771850578
328,/fdml/scans/perlin/perlin3.obj,10,0.05,0.05,10,0.0,22416.442316599998,1.0,1.8709995832902149,3.1432502139126655,2649331.8,1.0,2.0370869410607613,0.004934765026099429,16.033379885046966,0.10368540287017831
329,/fdml/scans/perlin/perlin3.obj,20,0.1,0.0,10,0.0,47.12241649999999,1.0,0.09406406108911483,3.078828814613337,13.0,1.0,0.0001599324341820114,3.8743019104003864e-07,0.003509817272665016,2.269744873046876e-05
330,/fdml/scans/perlin/perlin3.obj,20,0.1,0.01,10,0.0,298.18237489999996,1.0,1.6406817133615508,3.291991643355618,10942.5,1.0,0.1346200508489642,0.0003261119127273322,2.2200036663548164,0.014356422424316418
331,/fdml/scans/perlin/perlin3.obj,20,0.1,0.025,10,0.0,767.7036584,1.0,1.838492551013001,3.1606954108967007,50562.4,1.0,0.6220436700064258,0.0015068769454954175,6.586334330601266,0.04259281158447261
332,/fdml/scans/perlin/perlin3.obj,20,0.1,0.05,10,0.0,1889.6942416999998,1.0,1.858289343014032,3.1151200051192385,166546.5,1.0,2.0489374730320837,0.004963472485527891,12.800598536037276,0.08277950286865242
333,/fdml/scans/perlin/perlin3.obj,20,0.05,0.0,10,0.0,50.762779300000005,1.0,0.015979665195253116,2.9563053056222124,12.7,1.0,9.765105356305498e-06,2.3655593395233113e-08,0.00041660646198649775,2.694129943847651e-06
334,/fdml/scans/perlin/perlin3.obj,20,0.05,0.01,10,0.0,1119.3592584,1.0,1.4586572092405699,3.42540485931434,40438.9,1.0,0.031093710156930777,7.532332092522004e-05,0.9052969022452109,0.005854415893554693
335,/fdml/scans/perlin/perlin3.obj,20,0.05,0.025,10,0.0,5388.9130958999995,1.0,1.8154150807940375,3.175030185228677,410890.1,1.0,0.3159358359373465,0.0007653424516399182,5.019635958732601,0.03246121406555189
336,/fdml/scans/perlin/perlin3.obj,20,0.05,0.05,10,0.0,18772.457904100003,1.0,1.8594655021868953,3.1218970948790044,1880056.1,1.0,1.4455862907639707,0.0035018773750305357,11.850573584262687,0.07663583755493172
337,/fdml/scans/perlin/perlin3.obj,30,0.1,0.0,10,1.0,44.02685655555556,1.0,0.049262298077704846,3.0258206958605744,12.444444444444445,1.0,0.00015309771477252365,3.708733452690966e-07,0.0034409973261421683,2.2252400716145815e-05
338,/fdml/scans/perlin/perlin3.obj,30,0.1,0.01,10,0.0,464.7032166000001,1.0,1.7098274590277054,3.227146782842275,16611.1,1.0,0.20435797364934555,0.0004950493574143722,3.3238854400021545,0.021495056152343744
339,/fdml/scans/perlin/perlin3.obj,30,0.1,0.025,10,0.0,1187.6395793,1.0,1.7731209430820747,3.18732551168362,70510.7,1.0,0.8674575297583373,0.0021013826131784943,8.775074078392848,0.056747055053710894
340,/fdml/scans/perlin/perlin3.obj,30,0.1,0.05,10,0.0,2606.8029957999997,1.0,1.7864468730297625,3.195302233902816,194307.6,1.0,2.390468265240627,0.005790817737591181,14.268704960946277,0.09227352142333978
341,/fdml/scans/perlin/perlin3.obj,30,0.05,0.0,10,0.0,42.62567109999999,1.0,0.019233295877276037,2.5674004025510486,11.7,1.0,8.99619942273814e-06,2.1792948246002166e-08,0.00040554611343818404,2.622604370117185e-06
342,/fdml/scans/perlin/perlin3.obj,30,0.05,0.01,10,0.0,1915.6378791,1.0,1.6394977604954857,3.2445324185926756,69362.8,1.0,0.05333346848873092,0.0001291982829567975,1.5459307240778084,0.009997296333312974
343,/fdml/scans/perlin/perlin3.obj,30,0.05,0.025,10,0.0,9046.773508299999,1.0,1.762568771528732,3.1874065144122143,609459.5,1.0,0.46861702582579434,0.0011352067813441874,7.210698379719291,0.046630477905273346
344,/fdml/scans/perlin/perlin3.obj,30,0.05,0.05,10,1.0,19859.326171555556,1.0,1.7565331829637787,3.2034209713529394,1685036.5555555555,1.0,1.2956346058745707,0.003138625166555049,10.209279306073675,0.06602183977762856
345,/fdml/scans/perlin/perlin3.obj,40,0.1,0.0,10,0.0,54.4358876,0.9,0.023224856297849004,2.9975620841459176,10.1,1.0,0.00012425519886448573,3.0100345611572217e-07,0.002978920542345934,1.9264221191406232e-05
346,/fdml/scans/perlin/perlin3.obj,40,0.1,0.01,10,0.0,578.3181082,0.9,1.701836073582108,3.2357264453543904,16045.8,1.0,0.19740337326132235,0.00047820210456838254,3.507192283276215,0.022680473327636723
347,/fdml/scans/perlin/perlin3.obj,40,0.1,0.025,10,0.0,1541.7030001,0.9,1.8387204837453044,3.1391908283295193,82750.7,1.0,1.01804006778844,0.0024661630392045384,10.936708598675416,0.07072601318359406
348,/fdml/scans/perlin/perlin3.obj,40,0.1,0.05,10,0.0,3499.7459790000003,0.9,1.8719178515060442,3.1190346477881006,240346.2,1.0,2.9568579086431437,0.007162874937050838,18.31658606978968,0.11845054626464839
349,/fdml/scans/perlin/perlin3.obj,40,0.05,0.0,10,0.0,55.7175793,1.0,0.007716123018367974,3.198102673688375,10.0,1.0,7.689059335673621e-06,1.8626451492309537e-08,0.0003539311535460512,2.288818359374996e-06
350,/fdml/scans/perlin/perlin3.obj,40,0.05,0.01,10,0.0,1986.1337250000001,1.0,1.5074303614999875,3.265464791933,55444.7,1.0,0.04263175881481453,0.00010327380150544968,1.3214314560269798,0.00854549407958984
351,/fdml/scans/perlin/perlin3.obj,40,0.05,0.025,10,0.0,11526.7760791,1.0,1.7976173961735415,3.154347035746155,686638.7,1.0,0.5279605706553527,0.001278964243849531,8.636082364969042,0.05584821701049806
352,/fdml/scans/perlin/perlin3.obj,40,0.05,0.05,10,3.0,26994.89788685714,1.0,2.0710725167552653,3.1169610453942584,2029441.7142857143,1.0,1.5604497759812805,0.0037801297648529897,12.297464333940985,0.07952581133161274
353,/fdml/scans/perlin/perlin3.obj,50,0.1,0.0,10,0.0,24.3110043,1.0,0.03617401996343135,3.2514843196921985,9.6,1.0,0.00011810395139594681,2.861022949218745e-07,0.0028314492283684125,1.8310546874999986e-05
354,/fdml/scans/perlin/perlin3.obj,50,0.1,0.01,10,0.0,634.6373627,1.0,2.03630190345869,3.0995689201712033,18238.4,1.0,0.22437782366033007,0.0005435466766355727,3.8878157446521975,0.02514190673828125
355,/fdml/scans/perlin/perlin3.obj,50,0.1,0.025,10,0.0,2269.9609332,1.0,2.057013228697346,3.082336806700895,98281.8,1.0,1.2091113469043508,0.002929025888436832,12.26799113847604,0.0793352127075195
356,/fdml/scans/perlin/perlin3.obj,50,0.1,0.05,10,0.0,4199.7287207,1.0,2.047444187682731,3.1205168804511416,259649.0,1.0,3.1943305079206423,0.007738143205650754,19.2734684376642,0.12463855743408184
357,/fdml/scans/perlin/perlin3.obj,50,0.05,0.0,10,0.0,26.0327584,1.0,0.014005507187466912,3.2717415159118053,9.8,1.0,7.535278148960149e-06,1.8253922462463354e-08,0.0003502443706966137,2.264976501464843e-06
358,/fdml/scans/perlin/perlin3.obj,50,0.05,0.01,10,0.0,2327.6300041999993,1.0,1.9782798174728353,3.1237527467018675,63228.3,1.0,0.048616615039337015,0.00011777188628902208,1.4911488177180139,0.009643030166625996
359,/fdml/scans/perlin/perlin3.obj,50,0.05,0.025,10,1.0,12152.048254777777,1.0,1.9806012848604528,3.0577078954571384,667067.6666666666,1.0,0.5129122869992995,0.0012425103535457394,7.821624514993663,0.050581243303086956
360,/fdml/scans/perlin/perlin3.obj,50,0.05,0.05,10,6.0,19487.87741675,1.0,2.3813427100521625,3.088841687888797,1200754.5,1.0,0.923267259826622,0.0022365795448880503,7.602634734268793,0.04916507005691531
361,/fdml/scans/perlin/perlin2.obj,10,0.1,0.0,10,0.0,90.02602500000002,1.0,1.3501920816083532,3.129116259317559,377.6,1.0,0.004541663325306822,1.1253356933593732e-05,0.10965966907368511,0.0007091522216796877
362,/fdml/scans/perlin/perlin2.obj,10,0.1,0.01,10,0.0,488.22084159999997,1.0,1.8221080512754142,3.1608122429575145,47309.7,1.0,0.5690273554588418,0.0014099389314650847,10.086389002280967,0.06522712707519523
363,/fdml/scans/perlin/perlin2.obj,10,0.1,0.025,10,0.0,1070.4059333,1.0,1.8452736019786573,3.158647557988882,165994.9,1.0,1.9965385315685105,0.004947033524528305,21.14063223819643,0.13671321868896485
364,/fdml/scans/perlin/perlin2.obj,10,0.1,0.05,10,0.0,1815.3622746999997,1.0,1.849945739128625,3.1464262678721426,369532.9,1.0,4.444634585360375,0.011012938618711169,27.959853267830994,0.18081207275390615
365,/fdml/scans/perlin/perlin2.obj,10,0.05,0.0,10,0.0,95.51193320000002,1.0,0.5410812452457282,3.3635034957279375,35.3,1.0,2.6536135358734568e-05,6.575137376785267e-08,0.0012461326031100554,8.058547973632797e-06
366,/fdml/scans/perlin/perlin2.obj,10,0.05,0.01,10,0.0,1837.4108668000001,1.0,1.8120610224378146,3.167290561972208,178047.7,1.0,0.13384413222455255,0.00033163968473780487,4.208385200193676,0.027214980125427186
367,/fdml/scans/perlin/perlin2.obj,10,0.05,0.025,10,0.0,8185.5842624,1.0,1.8479924652828554,3.1664133930215326,1455956.2,1.0,1.0944886912128884,0.0027119297534386063,17.531537276961743,0.11337375640869136
368,/fdml/scans/perlin/perlin2.obj,10,0.05,0.05,10,0.0,20340.4769124,1.0,1.8500906679839257,3.1514172885338225,4341853.6,1.0,3.263909768637766,0.00808733254639538,26.87216753124121,0.173778176307678
369,/fdml/scans/perlin/perlin2.obj,20,0.1,0.0,10,0.0,33.2439584,1.0,0.1944259205019544,3.378652635885112,18.1,1.0,0.00021770155240480264,5.394220352172845e-07,0.004896047624053704,3.166198730468742e-05
370,/fdml/scans/perlin/perlin2.obj,20,0.1,0.01,10,0.0,457.83494169999994,1.0,1.8276145600825884,3.0540100716019416,31117.3,1.0,0.3742698627980593,0.0009273678064344803,6.77716221088818,0.04382686614990229
371,/fdml/scans/perlin/perlin2.obj,20,0.1,0.025,10,0.0,1177.5311126000001,1.0,1.845320913267463,3.118244787195996,145055.6,1.0,1.7446867019390973,0.004322993755352558,17.73106596477335,0.11466407775878915
372,/fdml/scans/perlin/perlin2.obj,20,0.1,0.05,10,0.0,2239.5654832,1.0,1.8430948884135088,3.139294347316434,337999.8,1.0,4.065363600709436,0.010073179006621422,24.67770220968448,0.15958690643310539
373,/fdml/scans/perlin/perlin2.obj,20,0.05,0.0,10,0.0,33.4999001,1.0,0.01267351476812103,3.498704009012909,13.2,1.0,9.922860814031055e-06,2.4586915969848595e-08,0.0004424139419325644,2.861022949218747e-06
374,/fdml/scans/perlin/perlin2.obj,20,0.05,0.01,10,0.0,1711.5323001000002,1.0,1.831671927590382,3.0322834982591282,105466.8,1.0,0.07928275582602666,0.00019644722342534318,2.5546787530782518,0.01652071475982666
375,/fdml/scans/perlin/perlin2.obj,20,0.05,0.025,10,0.0,9611.4020333,1.0,1.8462371015352996,3.1018146709329435,1300621.5,1.0,0.9777186451750897,0.0024225963279745446,15.080383386295727,0.09752252101898201
376,/fdml/scans/perlin/perlin2.obj,20,0.05,0.05,10,2.0,20793.338994874997,1.0,1.7373790003870755,3.125302649278828,3234180.75,1.0,2.431236774989687,0.006024131085760287,19.31364976224453,0.12489840388298025
377,/fdml/scans/perlin/perlin2.obj,30,0.1,0.0,10,0.0,40.034750100000004,1.0,0.03879298929416982,3.5619872041783105,12.8,1.0,0.00015395468899345152,3.814697265624993e-07,0.003657288586642527,2.365112304687494e-05
378,/fdml/scans/perlin/perlin2.obj,30,0.1,0.01,10,0.0,358.85344569999995,1.0,1.6534845028563492,3.2644028745089657,19488.2,1.0,0.2343984195345056,0.0005807936191557838,4.098611240851662,0.026505088806152315
379,/fdml/scans/perlin/perlin2.obj,30,0.1,0.025,10,0.0,955.2245331,1.0,1.7988236723757018,3.167513806668191,90700.6,1.0,1.0909205206678618,0.0027030885219630407,12.01392755875558,0.07769222259521488
380,/fdml/scans/perlin/perlin2.obj,30,0.1,0.05,10,0.0,2464.9499792999995,1.0,1.8095637433866512,3.1431314527887677,285466.9,1.0,3.4335131099696867,0.008507576584852215,22.52211401327505,0.14564704895019526
381,/fdml/scans/perlin/perlin2.obj,30,0.05,0.0,10,0.0,37.277887299999996,1.0,0.013007902573901275,3.5697238071151944,12.5,1.0,9.396648498135469e-06,2.328306436538692e-08,0.00042766681053481233,2.7656555175781224e-06
382,/fdml/scans/perlin/perlin2.obj,30,0.05,0.01,10,0.0,1258.8760665,1.0,1.5217807585878975,3.3419111665992425,75208.8,1.0,0.056536852605453235,0.00014008730649979706,1.7390997114741207,0.011246490478515649
383,/fdml/scans/perlin/perlin2.obj,30,0.05,0.025,10,0.0,7097.991954199999,1.0,1.7799580654467637,3.171594185859158,757485.0,1.0,0.5694256230119369,0.0014109257608729531,9.368270065301727,0.060583162307739205
384,/fdml/scans/perlin/perlin2.obj,30,0.05,0.05,10,3.0,14963.960505857141,1.0,1.8463379592501248,3.1398441236924017,1834971.857142857,1.0,1.3794068436515767,0.0034179014287027613,11.713978279690977,0.07575249671936025
385,/fdml/scans/perlin/perlin2.obj,40,0.1,0.0,10,0.0,23.2344333,1.0,0.030798915716746367,3.357545065265782,10.7,1.0,0.0001286964978304634,3.188848495483393e-07,0.0030674033307324434,1.9836425781249957e-05
386,/fdml/scans/perlin/perlin2.obj,40,0.1,0.01,10,0.0,400.4831998000001,1.0,2.1161346470566,3.200181818995651,19938.0,1.0,0.23980848352750636,0.000594198703765993,4.090087398903779,0.026449966430664145
387,/fdml/scans/perlin/perlin2.obj,40,0.1,0.025,10,0.0,1099.3011876,1.0,2.1580874050976115,3.128042054349101,79798.0,1.0,0.9597872087745614,0.0023781657218961984,9.710337151638294,0.06279525756835935
388,/fdml/scans/perlin/perlin2.obj,40,0.1,0.05,10,0.0,2223.1220834,1.0,2.174937324338181,3.1230644545012725,211724.4,1.0,2.5465596995657678,0.006309878826163936,15.838271649871846,0.10242366790771484
389,/fdml/scans/perlin/perlin2.obj,40,0.05,0.0,10,0.0,21.034258200000004,1.0,0.012202373674211049,3.04508821780081,9.6,1.0,7.216626046568041e-06,1.7881393432617157e-08,0.00033549723929886114,2.1696090698242153e-06
390,/fdml/scans/perlin/perlin2.obj,40,0.05,0.01,10,0.0,1480.2874582,1.0,2.036845861061992,3.2574025729099505,75449.5,1.0,0.05671779446893269,0.00014053564518721535,1.7277075524693584,0.011172819137573274
391,/fdml/scans/perlin/perlin2.obj,40,0.05,0.025,10,0.0,7788.303804099999,1.0,2.159687641899003,3.12749120609721,692630.7,1.0,0.5206725781562069,0.0012901252135703917,7.974404386631849,0.05156924724578858
392,/fdml/scans/perlin/perlin2.obj,40,0.05,0.05,10,2.0,18892.939687375,1.0,2.1164330195063643,3.1224849289610677,2002418.5,1.0,1.5052818232620786,0.003729795105777584,12.31532482178428,0.07964131236076362
393,/fdml/scans/perlin/perlin2.obj,50,0.1,0.0,10,0.0,23.0912167,1.0,0.026167603650237625,3.3286091745971484,11.3,1.0,0.0001359131238770314,3.367662429809564e-07,0.0032148746447099663,2.0790100097656217e-05
394,/fdml/scans/perlin/perlin2.obj,50,0.1,0.01,10,0.0,267.0235626,1.0,1.3431794848103507,3.1234109305145528,11669.6,1.0,0.140358565521665,0.00034778118133531896,2.5510177777087533,0.016497039794921835
395,/fdml/scans/perlin/perlin2.obj,50,0.1,0.025,10,0.0,859.5944124,1.0,1.3779307558211875,3.0821513214760614,62725.3,1.0,0.7544417229326015,0.0018693596124680673,8.10419757684633,0.052408599853515724
396,/fdml/scans/perlin/perlin2.obj,50,0.1,0.05,10,0.0,2498.8170375,1.0,1.3885758462703102,3.0770452388720426,215675.3,1.0,2.594079979311903,0.006427624821686702,16.27151287607503,0.10522537231445325
397,/fdml/scans/perlin/perlin2.obj,50,0.05,0.0,10,0.0,24.382354,1.0,0.008440043226761913,3.0262230635984393,10.0,1.0,7.517318798508375e-06,1.862645149230954e-08,0.00032812367359998535,2.121925354003905e-06
398,/fdml/scans/perlin/perlin2.obj,50,0.05,0.01,10,0.0,887.5982876,1.0,1.3021325096659966,3.180923928762355,39785.9,1.0,0.029908329398629946,7.410701364296748e-05,0.9525983262034965,0.006160306930541972
399,/fdml/scans/perlin/perlin2.obj,50,0.05,0.025,10,0.0,6349.899383399999,1.0,1.3723350497477367,3.0944139904733867,509080.3,1.0,0.3826918909159789,0.0009482359513688719,6.242951062787461,0.04037220478057858
400,/fdml/scans/perlin/perlin2.obj,50,0.05,0.05,10,2.0,15728.252619750001,1.0,1.479774529799052,3.066707111784006,1467562.0,1.0,1.103213141064116,0.002733547240511687,8.601361165788719,0.05562368035316449
